都道府県,駅,lon,lat
chiba,おゆみ野,140.166264,35.550029
chiba,お花茶屋,139.83988,35.747585
chiba,くぬぎ山,139.975707,35.782343
chiba,ちはら台,140.17029,35.534017
chiba,つくば,140.110604,36.0825
chiba,ひたち野うしく,140.158408,36.007996
chiba,みつわ台,140.134873,35.6387
chiba,みどりの,140.056276,36.03025
chiba,みどり台,140.097413,35.624994
chiba,みのり台,139.929466,35.789346
chiba,みらい平,140.038555,35.99514
chiba,スポーツセンター,140.11611,35.643164
chiba,ユーカリが丘,140.15668649999998,35.722024000000005
chiba,一之江,139.882934,35.686055
chiba,七光台,139.852906,35.970884
chiba,七里,139.665948,35.936464
chiba,万博記念公園,140.059256,36.05841
chiba,三咲,140.028514,35.749217
chiba,三河島,139.777131,35.733383
chiba,三郷,139.886341,35.845004
chiba,三郷中央,139.878344,35.824514
chiba,三門,140.391567,35.282377
chiba,三鷹,139.560325,35.702683
chiba,上本郷,139.916031,35.789524
chiba,上総一ノ宮,140.365138,35.373401
chiba,上総三又,140.12672,35.46592
chiba,上総中野,140.199571,35.250051
chiba,上総久保,140.154438,35.367481
chiba,上総亀山,140.089479,35.233153
chiba,上総大久保,140.145924,35.283367
chiba,上総山田,140.126128,35.454105
chiba,上総川間,140.150968,35.388047
chiba,上総村上,140.100355,35.496171
chiba,上総松丘,140.064046,35.258226
chiba,上総清川,139.965612,35.390981
chiba,上総湊,139.871016,35.221855
chiba,上総牛久,140.142255,35.400213
chiba,上総興津,140.250487,35.137146
chiba,上総鶴舞,140.165006,35.381346
chiba,上野,139.77706275,35.713213
chiba,下総中山,139.943092,35.714276
chiba,下総松崎,140.27749,35.807806
chiba,下総橘,140.702273,35.818673
chiba,下総神崎,140.410657,35.8948
chiba,下総豊里,140.721011,35.792899
chiba,下郡,140.055372,35.355018
chiba,両国,139.7953775,35.6963355
chiba,中学校,140.14841,35.740123
chiba,中野,139.665835,35.705765
chiba,久住,140.338929,35.832232
chiba,久留里,140.075613,35.295812
chiba,九段下,139.751948,35.695589
chiba,九重,139.911383,34.99752
chiba,亀戸,139.8265265,35.697526499999995
chiba,亀有,139.847573,35.766527
chiba,二俣新町,139.959525,35.691273
chiba,二和向台,140.023731,35.753825
chiba,五井,140.089522,35.512985
chiba,五香,139.965796,35.797281
chiba,井野,140.148497,35.732605
chiba,京成上野,139.773571,35.711232
chiba,京成中山,139.944203,35.716998
chiba,京成佐倉,140.229633,35.725205
chiba,京成八幡,139.92816,35.723811
chiba,京成千葉,140.114273,35.6116
chiba,京成大久保,140.048629,35.686016
chiba,京成大和田,140.108578,35.712309
chiba,京成小岩,139.88371,35.742158
chiba,京成幕張,140.05591,35.66078
chiba,京成幕張本郷,140.042091,35.672551
chiba,京成成田,140.315473,35.776308
chiba,京成津田沼,140.024823,35.68364
chiba,京成稲毛,140.085505,35.637783
chiba,京成臼井,140.180796,35.730017
chiba,京成船橋,139.985451,35.700161
chiba,京成西船,139.958863,35.711627
chiba,京成酒々井,140.270132,35.736867
chiba,京成関屋,139.81183,35.744008
chiba,京成高砂,139.866875,35.750932
chiba,代々木,139.70191666666668,35.68311333333333
chiba,仲ノ町,,
chiba,住吉,139.815681,35.689073
chiba,佐倉,140.226722,35.709743
chiba,佐原,140.494074,35.894522
chiba,佐和,,
chiba,佐貫町,139.876106,35.260113
chiba,作草部,140.115314,35.625806
chiba,保田,139.838114,35.14148
chiba,信濃町,139.720729,35.680031
chiba,俵田,140.061386,35.314495
chiba,倉橋,140.714018,35.737836
chiba,偕楽園,,
chiba,元山,139.975831,35.790229
chiba,光風台,140.114174,35.439662
chiba,八丁堀,139.7773435,35.674734
chiba,八千代中央,140.103713,35.727807
chiba,八千代台,140.090942,35.701465
chiba,八千代緑が丘,140.073461,35.728884
chiba,八幡宿,140.120072,35.536189
chiba,八日市場,140.552419,35.699317
chiba,八木崎,139.741785,35.978376
chiba,八柱,139.937362,35.791394
chiba,八潮,139.845017,35.807905
chiba,八積,140.345367,35.403971
chiba,八街,140.317304,35.663228
chiba,公園,140.153755,35.730758
chiba,公津の杜,140.294904,35.760446
chiba,六実,139.999195,35.793715
chiba,六町,139.821816,35.784963
chiba,内原,,
chiba,初富,140.000493,35.771992
chiba,初石,139.917861,35.883783
chiba,前原,140.027542,35.700666
chiba,動物公園,140.125437,35.642585
chiba,勝浦,140.312142,35.152722
chiba,勝田,,
chiba,勝田台,140.126053,35.715445
chiba,北初富,139.989811,35.776692
chiba,北千住,139.804816,35.749378
chiba,北国分,139.914252,35.762916
chiba,北大宮,139.624726,35.91716
chiba,北小金,139.931303,35.833436
chiba,北府中,139.471792,35.68088
chiba,北朝霞,139.587322,35.815475
chiba,北松戸,139.911528,35.800459
chiba,北柏,139.988035,35.875623
chiba,北習志野,140.0422775,35.721501
chiba,十二橋,140.545707,35.916984
chiba,十王,,
chiba,千住大橋,139.796934,35.74243
chiba,千倉,139.954738,34.976704
chiba,千城台,140.18856,35.622314
chiba,千城台北,140.181972,35.627436
chiba,千歳,139.966378,34.991701
chiba,千葉,140.11320814285713,35.61304185714285
chiba,千葉みなと,140.1028,35.60698466666667
chiba,千葉ニュータウン中央,140.116159,35.800175
chiba,千葉中央,140.117809,35.607354
chiba,千葉公園,140.117944,35.619774
chiba,千葉寺,140.132236,35.590311
chiba,千駄ケ谷,139.711644,35.681231
chiba,南三原,139.979204,35.021065
chiba,南中郷,,
chiba,南千住,139.799152,35.73328133333333
chiba,南柏,139.954111,35.844655
chiba,南桜井,139.807988,35.980441
chiba,南流山,139.903568,35.8383625
chiba,南浦和,139.669125,35.847648
chiba,南砂町,139.83065,35.668796
chiba,南船橋,139.995773,35.681804
chiba,南行徳,139.902311,35.672687
chiba,南越谷,139.790499,35.876106
chiba,南酒々井,140.267828,35.704217
chiba,印旛日本医大,140.203112,35.787512
chiba,印西牧の原,140.166911,35.803608
chiba,原木中山,139.942029,35.703517
chiba,友部,,
chiba,取手,140.063004,35.89553
chiba,吉川,139.843162,35.87662
chiba,吉川美南,139.858167,35.868056
chiba,吉祥寺,139.5798732,35.7029534
chiba,君ヶ浜,,
chiba,君津,139.895697,35.333619
chiba,和田浦,140.019569,35.041885
chiba,品川,139.7388475,35.62868066666667
chiba,四ツ谷,139.7302858,35.6857482
chiba,四街道,140.165023,35.662756
chiba,国府台,139.90322,35.736301
chiba,土気,140.269783,35.530866
chiba,土浦,140.206238,36.078644
chiba,地区センター,140.155041,35.726225
chiba,堀切菖蒲園,139.827545,35.747649
chiba,塚田,139.982859,35.722102
chiba,増尾,139.976604,35.829704
chiba,外川,,
chiba,大久保,139.69732,35.700784
chiba,大佐倉,140.25079,35.729908
chiba,大原,140.390864,35.251097
chiba,大和田,139.65051,35.929359
chiba,大宮,139.62392755555555,35.906686888888885
chiba,大宮公園,139.632903,35.92374
chiba,大島,139.83565,35.689905
chiba,大戸,140.457828,35.890004
chiba,大手町,139.76455019999997,35.685847
chiba,大森台,140.149398,35.584126
chiba,大津港,,
chiba,大甕,,
chiba,大町,139.973567,35.775103
chiba,大神宮下,139.991431,35.693945
chiba,大網,140.311111,35.522427
chiba,大貫,139.855541,35.291661
chiba,天台,140.112902,35.631447
chiba,天王台,140.04121,35.872558
chiba,太東,140.381184,35.319942
chiba,太海,140.096229,35.081435
chiba,女子大,140.155054,35.738357
chiba,妙典,139.924209,35.690935
chiba,姉ケ崎,140.041749,35.4786
chiba,学園前,140.158416,35.560364
chiba,守谷,139.992209,35.950626
chiba,安房勝山,139.83339,35.114022
chiba,安房天津,140.154487,35.125473
chiba,安房小湊,140.190337,35.128597
chiba,安房鴨川,140.103566,35.107465
chiba,安食,140.242051,35.835682
chiba,宗吾参道,140.280975,35.752669
chiba,実籾,140.068289,35.686852
chiba,富浦,139.837811,35.04614
chiba,小倉台,140.171873,35.627755
chiba,小室,140.076073,35.787004
chiba,小岩,139.881755,35.733207
chiba,小川町,139.42916366666668,35.937705333333334
chiba,小木津,,
chiba,小林,140.193028,35.830783
chiba,小櫃,140.059794,35.328252
chiba,小見川,140.604587,35.849971
chiba,小金城趾,139.916887,35.83601
chiba,岩井,139.849839,35.093062
chiba,岩本町,139.775866,35.695534
chiba,岩槻,139.693197,35.950239
chiba,岩間,,
chiba,巌根,139.933229,35.414285
chiba,川間,139.83385,35.979172
chiba,市ケ谷,139.736074,35.691787
chiba,市川,139.908142,35.728903
chiba,市川塩浜,139.923684,35.666554
chiba,市川大野,139.951227,35.755432
chiba,市川真間,139.911717,35.73121
chiba,市役所前,140.107757,35.606878
chiba,布佐,140.13293,35.849371
chiba,常盤平,139.949522,35.803191
chiba,常陸多賀,,
chiba,幕張,140.057899,35.6594
chiba,幕張本郷,140.042241,35.672664
chiba,幕張豊砂,140.0272,35.6579
chiba,干潟,140.603304,35.718308
chiba,平井,139.842181,35.70643
chiba,平和台,139.73621066666666,35.788985333333336
chiba,平山,140.064682,35.274312
chiba,幸谷,139.919912,35.826642
chiba,府中本町,139.477142,35.665766
chiba,延方,140.58875,35.958072
chiba,御宿,140.35197,35.188028
chiba,御茶ノ水,139.76462066666667,35.699941333333335
chiba,志津,140.144982,35.717406
chiba,愛宕,139.864817,35.950154
chiba,成東,140.410109,35.608513
chiba,成田,140.313853,35.777796
chiba,成田湯川,140.291596,35.799115
chiba,成田空港,,
chiba,我孫子,140.010466,35.87279
chiba,新三河島,139.773834,35.73714
chiba,新三郷,139.869341,35.858667
chiba,新八柱,139.938393,35.792013
chiba,新千葉,140.108557,35.612455
chiba,新宿,139.70006215384618,35.68993538461538
chiba,新宿三丁目,139.70533133333333,35.690772
chiba,新小岩,139.857777,35.716903
chiba,新小平,139.470745,35.73128
chiba,新座,139.556328,35.80381
chiba,新御徒町,139.781958,35.707045
chiba,新日本橋,139.77323,35.688687
chiba,新木,140.107048,35.862352
chiba,新木場,139.82701933333334,35.64605866666667
chiba,新松戸,139.921076,35.825467
chiba,新柏,139.966994,35.838128
chiba,新柴又,139.879376,35.75101
chiba,新検見川,140.073025,35.65169
chiba,新橋,139.7588392857143,35.66618485714286
chiba,新津田沼,140.023745,35.690184
chiba,新浦安,139.912553,35.649526
chiba,新秋津,139.493592,35.778331
chiba,新習志野,140.012825,35.667342
chiba,新船橋,139.979765,35.710993
chiba,新茂原,140.29983,35.449477
chiba,新鎌ケ谷,,
chiba,日向,140.362447,35.628402
chiba,日暮里,139.771287,35.727908
chiba,日本橋,139.77425100000002,35.681948
chiba,日立,,
chiba,早稲田,139.7201235,35.708785500000005
chiba,旭,140.655041,35.721831
chiba,春日部,139.752345,35.980095
chiba,曙橋,139.722881,35.692402
chiba,月崎,140.139394,35.302203
chiba,木下,140.147954,35.838817
chiba,木場,139.807042,35.669351
chiba,木更津,139.92611,35.381668
chiba,本八幡,139.927019,35.7219135
chiba,本千葉,140.120987,35.601202
chiba,本納,140.30758,35.48227
chiba,本銚子,,
chiba,村上,140.118375,35.72371
chiba,東中山,139.952683,35.714385
chiba,東中野,139.68371150000002,35.70671
chiba,東京,139.76598675,35.68142116666667
chiba,東千葉,140.122261,35.617014
chiba,東大島,139.845963,35.690355
chiba,東岩槻,139.712192,35.963273
chiba,東川口,139.7440335,35.875728499999994
chiba,東成田,140.387225,35.770091
chiba,東我孫子,140.047754,35.868945
chiba,東所沢,139.513878,35.79461
chiba,東松戸,139.943254,35.770173
chiba,東横田,140.035995,35.386185
chiba,東浦和,139.704627,35.864079
chiba,東浪見,140.376706,35.34669
chiba,東海,,
chiba,東海神,139.980343,35.705888
chiba,東清川,139.985847,35.390017
chiba,東船橋,140.00393,35.699811
chiba,東葉勝田台,140.126075,35.715458
chiba,東金,140.363743,35.560172
chiba,東陽町,139.817596,35.669629
chiba,松尾,140.457587,35.63604
chiba,松岸,140.795143,35.739386
chiba,松戸,139.900779,35.784472
chiba,松戸新田,139.922833,35.790652
chiba,松飛台,139.957739,35.775377
chiba,柏,139.971148,35.862316
chiba,柏たなか,139.957533,35.9109
chiba,柏の葉キャンパス,139.952454,35.89308
chiba,栄町,139.930358,35.6818655
chiba,桜木,140.160935,35.631308
chiba,梅郷,139.891086,35.931575
chiba,森下,139.797042,35.68796
chiba,椎柴,140.758875,35.765204
chiba,検見川,140.066656,35.652512
chiba,検見川浜,140.058888,35.637291
chiba,榎戸,140.288136,35.683967
chiba,横田,140.020138,35.386207
chiba,横芝,140.490736,35.661739
chiba,武蔵浦和,139.6473915,35.8457345
chiba,水戸,,
chiba,水道橋,139.75473599999998,35.7027185
chiba,水郷,140.570181,35.885508
chiba,永田,139.785339,35.8192215
chiba,求名,140.39626,35.579947
chiba,江戸川,139.896226,35.737723
chiba,江戸川台,139.91045,35.897344
chiba,江見,140.061026,35.062513
chiba,津田沼,140.020179,35.691367
chiba,流山,139.901766,35.855771
chiba,流山おおたかの森,139.92547100000002,35.871925000000005
chiba,流山セントラルパーク,139.915223,35.854552
chiba,浅草,139.79629125,35.7114735
chiba,浅草橋,139.785366,35.697427000000005
chiba,浜町,139.788154,35.688516
chiba,浜野,140.132089,35.551876
chiba,浜金谷,139.822141,35.168215
chiba,浦安,139.893193,35.665932
chiba,浪花,140.379428,35.222674
chiba,海士有木,140.124264,35.481729
chiba,海浜幕張,140.041917,35.648373
chiba,海神,139.971888,35.705888
chiba,海鹿島,,
chiba,清水公園,139.85967,35.959364
chiba,湖北,140.077959,35.867165
chiba,滑河,140.347871,35.877079
chiba,滝不動,140.02622,35.737957
chiba,潮来,140.549473,35.936904
chiba,潮見,139.817341,35.658702
chiba,牛久,140.141039,35.975314
chiba,物井,140.200263,35.68566
chiba,犬吠,,
chiba,猿田,140.7374,35.747383
chiba,瑞江,139.89761,35.693318
chiba,町屋,139.781,35.7425435
chiba,白井,140.0541,35.784723
chiba,県庁前,140.12222,35.603958
chiba,矢切,139.899742,35.757503
chiba,石岡,140.279709,36.191554
chiba,研究学園,140.082256,36.0821
chiba,磯原,,
chiba,祇園,139.948111,35.391528
chiba,神保町,139.75777733333334,35.695808
chiba,神楽坂,139.734546,35.70379
chiba,神立,140.248615,36.120424
chiba,福俵,140.341904,35.54617
chiba,秋山,139.930723,35.765299
chiba,秋葉原,139.7739192,35.6985816
chiba,稲毛,140.09256,35.637264
chiba,稲毛海岸,140.074034,35.629501
chiba,穴川,140.111849,35.639645
chiba,空港第２ビル,,
chiba,竹岡,139.830159,35.197582
chiba,竹橋,139.756817,35.690662
chiba,笠上黒生,,
chiba,笹川,140.655716,35.839753
chiba,篠崎,139.903698,35.706017
chiba,綾瀬,139.825019,35.762222
chiba,羽鳥,140.28679,36.247661
chiba,習志野,140.042787,35.715293
chiba,舞浜,139.883714,35.636115
chiba,船堀,139.864258,35.683795
chiba,船橋,139.98459133333333,35.70194333333333
chiba,船橋日大前,140.058962,35.726931
chiba,船橋法典,139.966771,35.730435
chiba,船橋競馬場,139.997998,35.689606
chiba,芝山千代田,140.399215,35.754248
chiba,茂原,140.304121,35.426733
chiba,茅場町,139.780005,35.679752
chiba,荒川沖,140.16592,36.030552
chiba,荻窪,139.62011133333334,35.70445
chiba,菅野,139.919413,35.728272
chiba,菊川,139.806016,35.688379
chiba,落合,139.687284,35.710976
chiba,葛西,139.872458,35.663554
chiba,葛西臨海公園,139.861529,35.644392
chiba,葭川公園,140.120142,35.608551
chiba,薬園台,140.037599,35.710271
chiba,藤の牛島,139.778038,35.98026
chiba,藤代,140.118251,35.920565
chiba,蘇我,140.130767,35.582065
chiba,行川アイランド,140.226962,35.11832
chiba,行徳,139.914254,35.682686
chiba,袖ケ浦,139.95788,35.431997
chiba,西千葉,140.103337,35.622639
chiba,西国分寺,139.465994,35.699744
chiba,西大島,139.826206,35.689349
chiba,西浦和,139.627707,35.844139
chiba,西海鹿島,,
chiba,西登戸,140.102801,35.617615
chiba,西白井,140.031545,35.784364
chiba,西船橋,139.9593104,35.7072206
chiba,西荻窪,139.599361,35.703842
chiba,西葛西,139.859259,35.664631
chiba,観音,,
chiba,誉田,140.213748,35.546996
chiba,谷津,140.007658,35.685257
chiba,豊四季,139.93929,35.86657
chiba,豊春,139.72601,35.968014
chiba,赤塚,,
chiba,越中島,139.792713,35.667946
chiba,越谷レイクタウン,139.822178,35.876353
chiba,逆井,139.983812,35.823336
chiba,運河,139.906063,35.914392
chiba,那古船形,139.851388,35.028987
chiba,都賀,140.148979,35.6357895
chiba,酒々井,140.275271,35.731737
chiba,里見,140.145505,35.336685
chiba,野田市,139.870728,35.943652
chiba,金町,139.870482,35.769582
chiba,銚子,,
chiba,錦糸町,139.81440433333333,35.697060666666665
chiba,鎌ケ谷,,
chiba,鎌ヶ谷大仏,140.013823,35.757827
chiba,鎌取,140.178583,35.562795
chiba,長浦,139.995478,35.450234
chiba,長者町,140.385021,35.295839
chiba,門前仲町,139.796209,35.671851
chiba,阿佐ケ谷,139.635868,35.704818
chiba,青井,139.82038,35.771782
chiba,青堀,139.858189,35.330304
chiba,青砥,139.856292,35.745883
chiba,飯倉,140.522328,35.685638
chiba,飯山満,140.0223,35.71407
chiba,飯岡,140.683896,35.729339
chiba,飯田橋,139.7446932,35.702071000000004
chiba,飯給,140.142358,35.320512
chiba,養老溪谷,,
chiba,館山,139.861888,34.9959
chiba,香取,140.532367,35.897856
chiba,馬喰横山,139.782768,35.69212
chiba,馬喰町,139.78238,35.693365
chiba,馬来田,140.058485,35.36681
chiba,馬橋,139.9171735,35.811815499999994
chiba,馬立,140.114719,35.423795
chiba,馬込沢,139.992199,35.741586
chiba,高円寺,139.649664,35.705326
chiba,高柳,139.998936,35.808211
chiba,高根公団,140.029382,35.730436
chiba,高根木戸,140.034923,35.726625
chiba,高浜,140.294745,36.163882
chiba,高滝,140.150246,35.353074
chiba,高田馬場,139.70405833333334,35.71289733333333
chiba,高萩,,
chiba,鬼越,139.937932,35.719776
chiba,鰭ヶ崎,139.911121,35.840948
chiba,鵜原,140.278446,35.140828
chiba,鹿島サッカースタジアム,,
chiba,鹿島神宮,140.625676,35.970614
chiba,龍ケ崎市,140.138217,35.930066
kanagawa,あざみ野,139.55357800000002,35.5683605
kanagawa,いずみ中央,139.48727,35.415385
kanagawa,いずみ野,139.495135,35.429434
kanagawa,かしわ台,139.415851,35.466744
kanagawa,こどもの国,139.486657,35.558035
kanagawa,さがみ野,139.429055,35.471485
kanagawa,すずかけ台,139.481684,35.517094
kanagawa,たまプラーザ,139.558447,35.577427
kanagawa,つきみ野,139.458651,35.510546
kanagawa,つくし野,139.485139,35.527559
kanagawa,はるひ野,139.464534,35.618885
kanagawa,みなとみらい,139.632386,35.458028
kanagawa,ゆめが丘,139.482192,35.405436
kanagawa,センター北,139.5784215,35.553532000000004
kanagawa,センター南,139.57430799999997,35.5456695
kanagawa,七里ヶ浜,139.510101,35.306243
kanagawa,三ツ境,139.502662,35.467779
kanagawa,三ツ沢上町,139.605395,35.476526
kanagawa,三ツ沢下町,139.61481,35.476512
kanagawa,三崎口,139.633207,35.177515
kanagawa,三浦海岸,139.653138,35.188084
kanagawa,三軒茶屋,139.670156,35.643716
kanagawa,三鷹,139.560325,35.702683
kanagawa,上中里,139.745769,35.74728
kanagawa,上大井,139.163508,35.321883
kanagawa,上大岡,139.5962265,35.4090815
kanagawa,上尾,139.588434,35.973522
kanagawa,上強羅,139.038056,35.247306
kanagawa,上星川,139.580078,35.467694
kanagawa,上永谷,139.572713,35.401391
kanagawa,上溝,139.36315,35.557623
kanagawa,上野,139.77706275,35.713213
kanagawa,上野毛,139.638917,35.611957
kanagawa,下北沢,139.667213,35.661597
kanagawa,下曽我,139.183395,35.303554
kanagawa,下永谷,139.559389,35.402677
kanagawa,下溝,139.380428,35.518516
kanagawa,下神明,139.726256,35.608704
kanagawa,下飯田,139.483195,35.403503
kanagawa,不動前,139.71469,35.626526
kanagawa,与野本町,139.626075,35.880968
kanagawa,世田谷代田,139.661557,35.65834
kanagawa,並木中央,139.642945,35.365505
kanagawa,並木北,139.642743,35.372015
kanagawa,中央林間,139.44452,35.5078685
kanagawa,中山,139.540006,35.514887
kanagawa,中川,139.569846,35.562973
kanagawa,中延,139.713131,35.6057395
kanagawa,中強羅,139.040556,35.248167
kanagawa,中浦和,139.6375,35.853769
kanagawa,中田,139.511301,35.411161
kanagawa,中目黒,139.698621,35.643854
kanagawa,中野,139.665835,35.705765
kanagawa,中野島,139.5501,35.630135
kanagawa,久喜,139.67727,36.065684
kanagawa,久地,139.592714,35.610363
kanagawa,久里浜,139.700862,35.233107
kanagawa,九品仏,139.660992,35.60538
kanagawa,二俣川,139.532207,35.463335
kanagawa,二子新地,139.622338,35.606994
kanagawa,二子玉川,139.626685,35.611788
kanagawa,二宮,139.256925,35.298644
kanagawa,五月台,139.493542,35.600174
kanagawa,五百羅漢,139.155758,35.27519
kanagawa,井土ヶ谷,139.60061,35.433895
kanagawa,井細田,139.157397,35.268964
kanagawa,井野,140.148497,35.732605
kanagawa,京急久里浜,139.702139,35.231332
kanagawa,京急大津,139.695334,35.261068
kanagawa,京急富岡,139.629772,35.366743
kanagawa,京急川崎,139.700893,35.53285
kanagawa,京急新子安,139.655848,35.487242
kanagawa,京急東神奈川,139.634669,35.477412
kanagawa,京急田浦,139.625252,35.300892
kanagawa,京急蒲田,139.723681,35.560796
kanagawa,京急長沢,139.674048,35.20548
kanagawa,京急鶴見,139.677743,35.507032
kanagawa,京王よみうりランド,139.517597,35.632934
kanagawa,京王堀之内,139.400314,35.624438
kanagawa,京王多摩センター,139.42402,35.62518
kanagawa,京王多摩川,139.536606,35.644499
kanagawa,京王永山,139.448204,35.630102
kanagawa,京王稲田堤,139.531099,35.633895
kanagawa,代々木,139.70191666666668,35.68311333333333
kanagawa,代々木上原,139.680153,35.669159
kanagawa,代々木八幡,139.688913,35.669715
kanagawa,代官山,139.703284,35.648193
kanagawa,仲町台,139.589715,35.535258
kanagawa,伊勢佐木長者町,139.633176,35.441044
kanagawa,伊勢原,139.313768,35.396081
kanagawa,保土ケ谷,139.599671,35.446746
kanagawa,信濃町,139.720729,35.680031
kanagawa,倉見,139.378422,35.395098
kanagawa,倉賀野,,
kanagawa,元住吉,139.654668,35.565698
kanagawa,元町・中華街,139.650446,35.44243
kanagawa,入生田,139.121244,35.240894
kanagawa,入谷,139.5879185,35.59917
kanagawa,八丁畷,139.691396,35.5230625
kanagawa,八景島,139.64079,35.340914
kanagawa,八王子,139.338998,35.655555
kanagawa,八王子みなみ野,139.330678,35.630664
kanagawa,公園上,139.043167,35.249083
kanagawa,公園下,139.045639,35.249944
kanagawa,六会日大前,139.470665,35.383761
kanagawa,六浦,139.611532,35.32269
kanagawa,六郷土手,139.7076,35.540577
kanagawa,分倍河原,139.468798,35.668493
kanagawa,前橋,,
kanagawa,北上尾,139.577223,35.985632
kanagawa,北与野,139.628521,35.890678
kanagawa,北久里浜,139.686368,35.249355
kanagawa,北千束,139.693303,35.606311
kanagawa,北品川,139.739191,35.622458
kanagawa,北山田,139.592258,35.561077
kanagawa,北戸田,139.661201,35.826883
kanagawa,北新横浜,139.612818,35.519271
kanagawa,北本,139.533591,36.032112
kanagawa,北茅ケ崎,139.407569,35.339167
kanagawa,北赤羽,139.70569,35.787007
kanagawa,北鎌倉,139.545134,35.337198
kanagawa,北鴻巣,139.476894,36.085529
kanagawa,十日市場,139.51669,35.526254
kanagawa,十条,139.722233,35.760321
kanagawa,千歳船橋,139.624544,35.647616
kanagawa,千駄ケ谷,139.711644,35.681231
kanagawa,南万騎が原,139.526344,35.452522
kanagawa,南与野,139.631117,35.867456
kanagawa,南多摩,139.489781,35.649249
kanagawa,南大沢,139.3798,35.6141
kanagawa,南太田,139.613408,35.436923
kanagawa,南新宿,139.69867,35.683483
kanagawa,南林間,139.447911,35.495627
kanagawa,南橋本,139.352484,35.58042
kanagawa,南町田グランベリーパーク,139.470318,35.511502
kanagawa,南部市場,139.633163,35.380192
kanagawa,厚木,139.3782635,35.4434155
kanagawa,原当麻,139.375355,35.528978
kanagawa,参宮橋,139.693568,35.678586
kanagawa,反町,139.625337,35.47474
kanagawa,古河,139.709726,36.194375
kanagawa,古淵,139.419151,35.556055
kanagawa,吉祥寺,139.5798732,35.7029534
kanagawa,吉野町,139.618455,35.435489
kanagawa,向ヶ丘遊園,139.564719,35.617273
kanagawa,向河原,139.66725,35.572891
kanagawa,吹上,139.45312,36.103062
kanagawa,和泉多摩川,139.573695,35.627349
kanagawa,和田塚,139.545362,35.31372
kanagawa,和田河原,139.118684,35.31585
kanagawa,和田町,139.586786,35.463597
kanagawa,品川,139.7388475,35.62868066666667
kanagawa,唐木田,139.411622,35.616672
kanagawa,善行,139.473199,35.36285
kanagawa,喜多見,139.587445,35.636697
kanagawa,四ツ谷,139.7302858,35.6857482
kanagawa,国分寺,139.48058220000001,35.7002656
kanagawa,国府津,139.212932,35.280832
kanagawa,国立,139.44634,35.69923
kanagawa,国道,139.675599,35.50083
kanagawa,土呂,139.63214,35.931997
kanagawa,堀ノ内,139.686932,35.26322
kanagawa,塔ノ沢,139.094016,35.234521
kanagawa,塚原,139.126632,35.301305
kanagawa,多摩境,139.366987,35.601826
kanagawa,多摩川,139.668723,35.589591
kanagawa,大久保,139.69732,35.700784
kanagawa,大井町,139.73496666666668,35.607109
kanagawa,大倉山,139.629808,35.52243
kanagawa,大口,139.646288,35.492375
kanagawa,大和,139.46143966666668,35.46983266666667
kanagawa,大宮,139.62392755555555,35.906686888888885
kanagawa,大岡山,139.685909,35.607456
kanagawa,大崎,139.728439,35.619772
kanagawa,大川,139.711038,35.495646
kanagawa,大師橋,139.740381,35.536611
kanagawa,大平台,139.073849,35.238664
kanagawa,大森,139.728079,35.588903
kanagawa,大森海岸,139.73544,35.587576
kanagawa,大森町,139.732027,35.572431
kanagawa,大磯,139.313388,35.311299
kanagawa,大船,139.531167,35.3532815
kanagawa,大雄山,139.10365,35.319046
kanagawa,天王町,139.602554,35.453984
kanagawa,奥沢,139.672355,35.603947
kanagawa,妙蓮寺,139.633194,35.498779
kanagawa,子安,139.644965,35.484556
kanagawa,学芸大学,139.68522,35.628786
kanagawa,宇都宮,,
kanagawa,安善,139.700663,35.499668
kanagawa,安針塚,139.64292,35.286641
kanagawa,宮ノ下,139.063052,35.241913
kanagawa,宮前平,139.581983,35.584951
kanagawa,宮原,139.609455,35.940256
kanagawa,宮山,139.379639,35.382261
kanagawa,宮崎台,139.591313,35.587228
kanagawa,宿河原,139.579565,35.615429
kanagawa,富士フイルム前,139.109483,35.317657
kanagawa,富士見町,139.529277,35.345389
kanagawa,富水,139.145166,35.296759
kanagawa,寒川,139.387452,35.367579
kanagawa,小山,,
kanagawa,小島新田,139.747575,35.534798
kanagawa,小机,139.599787,35.508533
kanagawa,小涌谷,139.053162,35.240374
kanagawa,小田原,139.1557595,35.25631575
kanagawa,小田急多摩センター,139.424298,35.624902
kanagawa,小田急永山,139.447943,35.629972
kanagawa,小田急相模原,139.422571,35.515134
kanagawa,小田栄,139.704944,35.5145
kanagawa,小金井,,
kanagawa,尻手,139.684233,35.530939
kanagawa,尾山台,139.653862,35.606971
kanagawa,屏風浦,139.610387,35.394176
kanagawa,山北,139.080212,35.360808
kanagawa,山手,139.646425,35.426891
kanagawa,岡部,139.237622,36.205645
kanagawa,岩原,139.12879,35.298825
kanagawa,岸根公園,139.617065,35.496038
kanagawa,川和町,139.548745,35.52802
kanagawa,川崎,139.697485,35.531311
kanagawa,川崎大師,139.725946,35.535711
kanagawa,川崎新町,139.699348,35.518234
kanagawa,市が尾,139.541496,35.551483
kanagawa,市ケ谷,139.736074,35.691787
kanagawa,市大医学部,139.650156,35.343966
kanagawa,希望ケ丘,,
kanagawa,平和島,139.73491,35.57868
kanagawa,平塚,139.349063,35.327647
kanagawa,平沼橋,139.616897,35.460355
kanagawa,平間,139.671039,35.560565
kanagawa,幸浦,139.643706,35.358406
kanagawa,府中本町,139.477142,35.665766
kanagawa,座間,139.399899,35.480913
kanagawa,弁天橋,139.689451,35.495758
kanagawa,弘明寺,139.599436,35.423832000000004
kanagawa,弥生台,139.506615,35.429933
kanagawa,強羅,139.048162,35.25085
kanagawa,彫刻の森,139.050856,35.246529
kanagawa,御徒町,139.774727,35.707282
kanagawa,御茶ノ水,139.76462066666667,35.699941333333335
kanagawa,恩田,139.492127,35.545535
kanagawa,恵比寿,139.7098536,35.6468144
kanagawa,愛甲石田,139.344098,35.417634
kanagawa,成城学園前,139.598958,35.640114
kanagawa,成瀬,139.472875,35.535412
kanagawa,戸塚,139.53429119999998,35.4005092
kanagawa,戸田,139.669548,35.817665
kanagawa,戸田公園,139.678203,35.807906
kanagawa,戸越公園,139.718159,35.608856
kanagawa,戸部,139.61956,35.456631
kanagawa,扇町,139.722147,35.501452
kanagawa,新丸子,139.661964,35.58049
kanagawa,新前橋,,
kanagawa,新大津,139.69016,35.257013
kanagawa,新子安,139.654776,35.487064
kanagawa,新宿,139.70006215384618,35.68993538461538
kanagawa,新川崎,139.671481,35.551784
kanagawa,新杉田,139.6199925,35.386391
kanagawa,新松田,139.139848,35.345082
kanagawa,新横浜,139.61750925,35.508381
kanagawa,新橋,139.7588392857143,35.66618485714286
kanagawa,新町,139.105457,36.272984
kanagawa,新白岡,139.67208,36.038732
kanagawa,新百合ヶ丘,139.507608,35.603705
kanagawa,新綱島,139.636167,35.536639
kanagawa,新羽,139.612065,35.527701
kanagawa,新芝浦,139.7001,35.491914
kanagawa,新馬場,139.741366,35.61762
kanagawa,新高島,139.626499,35.46192
kanagawa,旗の台,139.702286,35.604923
kanagawa,日ノ出町,139.626696,35.445524
kanagawa,日吉,139.64695999999998,35.55375325
kanagawa,日吉本町,139.633554,35.549883
kanagawa,日暮里,139.771287,35.727908
kanagawa,日本大通り,139.642608,35.446821
kanagawa,日野,139.39393,35.679244
kanagawa,早川,139.145014,35.238875
kanagawa,早雲山,139.035611,35.246444
kanagawa,星川,139.594816,35.458634
kanagawa,昭和,139.723897,35.506836
kanagawa,有楽町,139.76362566666666,35.675532
kanagawa,本厚木,139.364261,35.439338
kanagawa,本庄,139.188299,36.236229
kanagawa,本郷台,139.550159,35.36787
kanagawa,本鵠沼,139.475412,35.331129
kanagawa,杉田,139.615734,35.383796
kanagawa,東中野,139.68371150000002,35.70671
kanagawa,東京,139.76598675,35.68142116666667
kanagawa,東北沢,139.673014,35.665379
kanagawa,東十条,139.726858,35.763803
kanagawa,東大宮,139.640291,35.948751
kanagawa,東小金井,139.524837,35.701643
kanagawa,東山北,139.10765,35.357637
kanagawa,東山田,139.604369,35.554302
kanagawa,東戸塚,139.556794,35.430353
kanagawa,東林間,139.438883,35.520541
kanagawa,東海大学前,139.271236,35.373151
kanagawa,東白楽,139.629364,35.483523
kanagawa,東神奈川,139.633466,35.47804
kanagawa,東逗子,139.601768,35.298781
kanagawa,東門前,139.734298,35.536566
kanagawa,東鷲宮,139.67913,36.089428
kanagawa,松田,139.137417,35.346843
kanagawa,板橋,139.719507,35.745435
kanagawa,柳小路,139.485189,35.327352
kanagawa,柿生,139.497614,35.589597
kanagawa,栗平,139.481298,35.605731
kanagawa,栗橋,139.694016,36.136943
kanagawa,栢山,139.14258,35.310679
kanagawa,根岸,139.636034,35.415887
kanagawa,根府川,139.138504,35.202455
kanagawa,桜ヶ丘,139.465734,35.450486
kanagawa,桜新町,139.644779,35.631666
kanagawa,桜木町,139.630836,35.4503895
kanagawa,桶川,139.564274,35.998375
kanagawa,梅ヶ丘,139.653628,35.656024
kanagawa,梅屋敷,139.728266,35.566873
kanagawa,梶が谷,139.605885,35.593963
kanagawa,極楽寺,139.528721,35.309318
kanagawa,横浜,139.62232336363638,35.466150727272726
kanagawa,横須賀,139.655855,35.284022
kanagawa,横須賀中央,139.670217,35.27858
kanagawa,橋本,139.34413266666664,35.595155999999996
kanagawa,武蔵中原,139.640613,35.581498
kanagawa,武蔵境,139.543402,35.702083
kanagawa,武蔵小山,139.704524,35.620538
kanagawa,武蔵小杉,139.66067857142858,35.57621485714286
kanagawa,武蔵小金井,139.506483,35.701337
kanagawa,武蔵新城,139.629419,35.587369
kanagawa,武蔵浦和,139.6473915,35.8457345
kanagawa,武蔵溝ノ口,139.61139,35.598923
kanagawa,武蔵白石,139.706513,35.501912
kanagawa,水道橋,139.75473599999998,35.7027185
kanagawa,汐入,139.662443,35.280241
kanagawa,江ノ島,139.487581,35.311003
kanagawa,江田,139.551518,35.558671
kanagawa,池尻大橋,139.684319,35.650603
kanagawa,池袋,139.7106608888889,35.730262555555555
kanagawa,泉岳寺,139.74002,35.638692
kanagawa,洋光台,139.596852,35.378785
kanagawa,洗足,139.694367,35.61043
kanagawa,津久井浜,139.665279,35.198419
kanagawa,津田山,139.600002,35.604259
kanagawa,浅野,139.695739,35.497555
kanagawa,浜川崎,139.713529,35.5101455
kanagawa,浜松町,139.75700566666669,35.655482666666664
kanagawa,浦和,139.657109,35.858496
kanagawa,浦賀,139.714999,35.250933
kanagawa,浮間舟渡,139.691341,35.791209
kanagawa,海の公園南口,139.632096,35.337225
kanagawa,海の公園柴口,139.635846,35.342086
kanagawa,海老名,139.39109525,35.45343825
kanagawa,海芝浦,139.700603,35.486073
kanagawa,深谷,139.28127,36.191344
kanagawa,淵野辺,139.395075,35.568784
kanagawa,渋沢,139.184405,35.374032
kanagawa,渋谷,139.70145854545456,35.65893609090909
kanagawa,港南中央,139.590958,35.401049
kanagawa,港南台,139.576243,35.375183
kanagawa,港町,139.712578,35.535014
kanagawa,湘南台,139.46692166666665,35.39653366666666
kanagawa,湘南江の島,139.487794,35.311867
kanagawa,湘南海岸公園,139.4833,35.315203
kanagawa,湘南深沢,139.518903,35.332865
kanagawa,湘南町屋,139.522666,35.337832
kanagawa,湯河原,139.102142,35.146178
kanagawa,溝の口,139.610487,35.59984
kanagawa,瀬谷,139.482574,35.470412
kanagawa,熊谷,139.38953500000002,36.13947
kanagawa,片倉,139.34119,35.639704
kanagawa,片倉町,139.606511,35.490205
kanagawa,片瀬山,139.496052,35.317256
kanagawa,片瀬江ノ島,139.482934,35.309345
kanagawa,狛江,139.577127,35.632001
kanagawa,玉川学園前,139.463388,35.563486
kanagawa,王子,139.737854,35.753252
kanagawa,生田,139.542024,35.614954
kanagawa,生麦,139.6673,35.4956
kanagawa,産業振興センター,139.646326,35.35339
kanagawa,用賀,139.633928,35.626436
kanagawa,田園調布,139.667356,35.596815
kanagawa,田奈,139.504855,35.536204
kanagawa,田浦,139.637726,35.29271
kanagawa,田町,139.747575,35.645736
kanagawa,田端,139.761229,35.737781
kanagawa,由比ヶ浜,139.54157,35.312857
kanagawa,町田,139.4454075,35.543113
kanagawa,番田,139.362988,35.545392
kanagawa,登戸,139.5697385,35.6210195
kanagawa,白岡,139.666826,36.01774
kanagawa,白楽,139.627875,35.489555
kanagawa,百合ヶ丘,139.516121,35.60903
kanagawa,目白山下,139.491533,35.31402
kanagawa,目黒,139.71556875,35.63343475
kanagawa,相原,139.33169,35.60694
kanagawa,相模原,139.371007,35.58113
kanagawa,相模大塚,139.441232,35.470666
kanagawa,相模大野,139.437836,35.532208
kanagawa,相模沼田,139.133945,35.292334
kanagawa,相模湖,139.1885,35.617335
kanagawa,相模金子,139.150753,35.33364
kanagawa,相武台下,139.386297,35.492734
kanagawa,相武台前,139.408509,35.499294
kanagawa,県立大学,139.677033,35.269731
kanagawa,真鶴,139.132148,35.156837
kanagawa,矢向,139.68055,35.539408
kanagawa,矢川,139.431611,35.685079
kanagawa,矢部,139.386373,35.573275
kanagawa,矢野口,139.520849,35.641305
kanagawa,石上,139.485572,35.332482
kanagawa,石川町,139.642934,35.438808
kanagawa,石橋,,
kanagawa,磯子,139.617916,35.399881
kanagawa,社家,139.377281,35.420543
kanagawa,祐天寺,139.690758,35.637163
kanagawa,祖師ヶ谷大蔵,139.609659,35.643236
kanagawa,神保原,139.149172,36.25359
kanagawa,神奈川,139.627364,35.471304
kanagawa,神奈川新町,139.640152,35.481559
kanagawa,神武寺,139.592947,35.306233
kanagawa,神田,139.77070550000002,35.6917765
kanagawa,福浦,139.648517,35.349627
kanagawa,秋葉原,139.7739192,35.6985816
kanagawa,秦野,139.226009,35.370075
kanagawa,稲城,139.500398,35.636166
kanagawa,稲城長沼,139.502811,35.644184
kanagawa,稲村ヶ崎,139.522322,35.30426
kanagawa,稲田堤,139.535173,35.633701
kanagawa,穴部,139.148787,35.279887
kanagawa,立会川,139.738886,35.598489
kanagawa,立場,139.500177,35.414296
kanagawa,立川,139.413704,35.698202
kanagawa,等々力,139.647938,35.608369
kanagawa,箱根板橋,139.145169,35.245169
kanagawa,箱根湯本,139.103743,35.233555
kanagawa,籠原,139.330199,36.17448
kanagawa,経堂,139.635993,35.650991
kanagawa,綱島,139.63491,35.536906
kanagawa,緑が丘,139.679482,35.60638
kanagawa,緑園都市,139.521841,35.439502
kanagawa,緑町,139.158578,35.259226
kanagawa,羽沢横浜国大,139.586389,35.481389
kanagawa,能見台,139.629233,35.360528
kanagawa,腰越,139.493286,35.308287
kanagawa,自治医大,,
kanagawa,自由が丘,139.668664,35.607224
kanagawa,舞岡,139.551509,35.402685
kanagawa,花月総持寺,139.672813,35.500358
kanagawa,若葉台,139.472189,35.619325
kanagawa,茅ケ崎,139.407197,35.330741
kanagawa,荏原町,139.707571,35.60382
kanagawa,荻窪,139.62011133333334,35.70445
kanagawa,菊名,139.6307585,35.509801499999995
kanagawa,蒔田,139.610123,35.429935
kanagawa,蒲田,139.7150946666667,35.562017000000004
kanagawa,蓮田,139.653016,35.981272
kanagawa,藤が丘,139.527655,35.543454
kanagawa,藤沢,139.48718566666665,35.338222333333334
kanagawa,藤沢本町,139.476046,35.348188
kanagawa,藤野,139.15239,35.615918
kanagawa,螢田,139.152036,35.285055
kanagawa,行田,139.432103,36.113879
kanagawa,衣笠,139.661193,35.257091
kanagawa,西八王子,139.31264,35.656621
kanagawa,西国分寺,139.465994,35.699744
kanagawa,西国立,139.423887,35.69375
kanagawa,西大井,139.721729,35.601616
kanagawa,西小山,139.698694,35.615455
kanagawa,西府,139.457477,35.670912
kanagawa,西日暮里,139.7667705,35.73202975
kanagawa,西横浜,139.608745,35.453437
kanagawa,西荻窪,139.599361,35.703842
kanagawa,西谷,139.565721,35.478092
kanagawa,西鎌倉,139.504365,35.319383
kanagawa,読売ランド前,139.527903,35.614723
kanagawa,調布,139.543988,35.652181
kanagawa,谷保,139.446724,35.681377
kanagawa,谷峨,139.038234,35.366561
kanagawa,豊田,139.381495,35.659502
kanagawa,豪徳寺,139.647381,35.653807
kanagawa,赤羽,139.720928,35.778026
kanagawa,足柄,139.0680785,35.301998
kanagawa,踊場,139.518058,35.405922
kanagawa,辻堂,139.447106,35.336847
kanagawa,追浜,139.624905,35.315461
kanagawa,逗子,139.578292,35.297392
kanagawa,逗子・葉山,139.580359,35.294189
kanagawa,逸見,139.653149,35.28048
kanagawa,都立大学,139.676393,35.617835
kanagawa,都筑ふれあいの丘,139.561359,35.536583
kanagawa,野島公園,139.631524,35.330559
kanagawa,野木,139.734729,36.229963
kanagawa,金沢八景,139.62083099999998,35.331243666666666
kanagawa,金沢文庫,139.621606,35.342966
kanagawa,鈴木町,139.720655,35.53535
kanagawa,鎌倉,139.5502745,35.318642
kanagawa,鎌倉高校前,139.500535,35.306698
kanagawa,長後,139.465307,35.41261
kanagawa,長津田,139.49392533333332,35.531872666666665
kanagawa,長谷,139.536168,35.311265
kanagawa,門沢橋,139.380139,35.406761
kanagawa,開成,139.135785,35.326532
kanagawa,間々田,139.761039,36.257907
kanagawa,関内,139.6364195,35.444578500000006
kanagawa,阪東橋,139.624843,35.437434
kanagawa,阿佐ケ谷,139.635868,35.704818
kanagawa,雀宮,,
kanagawa,雑色,139.715005,35.549725
kanagawa,青物横丁,139.742958,35.609351
kanagawa,青葉台,139.517376,35.542855
kanagawa,風祭,139.129104,35.246229
kanagawa,飯田岡,139.139109,35.287913
kanagawa,飯田橋,139.7446932,35.702071000000004
kanagawa,香川,139.400044,35.35655
kanagawa,馬堀海岸,139.707328,35.259651
kanagawa,馬車道,139.636175,35.450135
kanagawa,駒沢大学,139.661702,35.633471
kanagawa,高円寺,139.649664,35.705326
kanagawa,高尾,139.28210375,35.64193075
kanagawa,高島町,139.623548,35.458804
kanagawa,高崎,,
kanagawa,高崎問屋町,,
kanagawa,高座渋谷,139.464854,35.432519
kanagawa,高津,139.616934,35.603248
kanagawa,高田,139.619944,35.549713
kanagawa,高輪ゲートウェイ,139.7407,35.6355
kanagawa,鮫洲,139.742227,35.604977
kanagawa,鳥浜,139.641704,35.377187
kanagawa,鴨宮,139.180147,35.275744
kanagawa,鴨居,139.56707,35.510955
kanagawa,鴻巣,139.509552,36.0592
kanagawa,鵠沼,139.482637,35.321447
kanagawa,鵠沼海岸,139.47121,35.320744
kanagawa,鶯谷,139.778015,35.721484
kanagawa,鶴ケ峰,,
kanagawa,鶴川,139.481759,35.583077
kanagawa,鶴巻温泉,139.277813,35.381131
kanagawa,鶴見,139.67614,35.508387
kanagawa,鶴見小野,139.681226,35.497005
kanagawa,鶴見市場,139.68642,35.517594
kanagawa,鶴間,139.450572,35.49057
kanagawa,鷺沼,139.573268,35.579762
kanagawa,鹿島田,139.674964,35.551459
kanagawa,黄金町,139.62246,35.439694
kanagawa,黒川,139.470731,35.613203
kanagawa,ＹＲＰ野比,139.685068,35.212229
saitama,さいたま新都心,139.633587,35.893867
saitama,せんげん台,139.774478,35.935832
saitama,つきのわ,139.345541,36.04352
saitama,つくば,140.110604,36.0825
saitama,とうきょうスカイツリー,139.809332,35.71043
saitama,ときわ台,139.689015,35.758771
saitama,ひばりヶ丘,139.545852,35.751485
saitama,ひろせ野鳥の森,139.352086,36.146242
saitama,ふかや花園,139.251472,36.132056
saitama,ふじみ野,139.523389,35.860735
saitama,みずほ台,139.55078,35.838233
saitama,みどりの,140.056276,36.03025
saitama,みなみ寄居,139.2365,36.092417
saitama,みらい平,140.038555,35.99514
saitama,ソシオ流通センター,139.424333,36.1365
saitama,一ノ割,139.766219,35.96412
saitama,一本松,139.370062,35.94008
saitama,七光台,139.852906,35.970884
saitama,七里,139.665948,35.936464
saitama,万博記念公園,140.059256,36.05841
saitama,三峰口,138.978706,35.960075
saitama,三郷,139.886341,35.845004
saitama,三郷中央,139.878344,35.824514
saitama,上井草,139.602937,35.725326
saitama,上今市,,
saitama,上尾,139.588434,35.973522
saitama,上板橋,139.67641,35.763596
saitama,上毛高原,,
saitama,上熊谷,139.38134,36.142657
saitama,上石神井,139.592266,35.726189
saitama,上福岡,139.511782,35.873855
saitama,上野,139.77706275,35.713213
saitama,上長瀞,139.11319,36.086169
saitama,下井草,139.624688,35.723852
saitama,下今市,,
saitama,下小代,,
saitama,下山口,139.441097,35.77941
saitama,下板橋,139.714785,35.745721
saitama,下落合,139.695391,35.715846
saitama,下赤塚,139.644482,35.770558
saitama,与野,139.639085,35.884393
saitama,与野本町,139.626075,35.880968
saitama,世良田,139.282038,36.272931
saitama,中井,139.6866615,35.7145705
saitama,中村橋,139.637456,35.736767
saitama,中板橋,139.694628,35.756214
saitama,中浦和,139.6375,35.853769
saitama,丸山,139.624711,35.97989
saitama,丹荘,139.102306,36.216668
saitama,久喜,139.67727,36.065684
saitama,久米川,139.472653,35.749575
saitama,二宮,139.256925,35.298644
saitama,五反野,139.809643,35.765852
saitama,井荻,139.615303,35.72469
saitama,井野,140.148497,35.732605
saitama,今羽,139.619443,35.949941
saitama,仏子,139.360115,35.83769
saitama,伊勢崎,,
saitama,伊奈中央,139.617094,35.999537
saitama,保土ケ谷,139.599671,35.446746
saitama,保谷,139.567753,35.748222
saitama,倉賀野,,
saitama,元加治,139.345316,35.84058
saitama,児玉,139.13582,36.192624
saitama,入曽,139.427304,35.832481
saitama,入間市,139.390294,35.842904
saitama,八木崎,139.741785,35.978376
saitama,八潮,139.845017,35.807905
saitama,八王子,139.338998,35.655555
saitama,六実,139.999195,35.793715
saitama,六町,139.821816,35.784963
saitama,内宿,139.599878,36.014163
saitama,初石,139.917861,35.883783
saitama,前橋,,
saitama,剛志,,
saitama,加茂宮,139.616688,35.93568
saitama,加須,139.595584,36.122992
saitama,北上尾,139.577223,35.985632
saitama,北与野,139.628521,35.890678
saitama,北八王子,139.363348,35.669232
saitama,北千住,139.804816,35.749378
saitama,北参道,139.705453,35.678459
saitama,北坂戸,139.396932,35.972098
saitama,北大宮,139.624726,35.91716
saitama,北府中,139.471792,35.68088
saitama,北戸田,139.661201,35.826883
saitama,北春日部,139.744012,35.990655
saitama,北朝霞,139.587322,35.815475
saitama,北本,139.533591,36.032112
saitama,北池袋,139.716749,35.741283
saitama,北浦和,139.645951,35.872053
saitama,北藤岡,,
saitama,北赤羽,139.70569,35.787007
saitama,北越谷,139.780008,35.901724
saitama,北鎌倉,139.545134,35.337198
saitama,北鴻巣,139.476894,36.085529
saitama,北鹿沼,,
saitama,十条,139.722233,35.760321
saitama,千川,139.689271,35.738229
saitama,南与野,139.631117,35.867456
saitama,南千住,139.799152,35.73328133333333
saitama,南古谷,139.519082,35.903344
saitama,南大塚,139.454189,35.889663
saitama,南栗橋,139.713004,36.113157
saitama,南桜井,139.807988,35.980441
saitama,南流山,139.903568,35.8383625
saitama,南浦和,139.669125,35.847648
saitama,南羽生,139.55696,36.14959
saitama,南越谷,139.790499,35.876106
saitama,南鳩ヶ谷,139.736059,35.816839
saitama,原市,139.622531,35.964072
saitama,古河,139.709726,36.194375
saitama,合戦場,,
saitama,吉川,139.843162,35.87662
saitama,吉川美南,139.858167,35.868056
saitama,吉野原,139.620862,35.957065
saitama,吹上,139.45312,36.103062
saitama,吾野,139.226787,35.908502
saitama,和光市,139.612434,35.788507
saitama,和戸,139.701156,36.039562
saitama,和銅黒谷,139.101666,36.046671
saitama,国府津,139.212932,35.280832
saitama,土呂,139.63214,35.931997
saitama,地下鉄成増,139.631497,35.776557
saitama,地下鉄赤塚,139.644021,35.769939
saitama,坂戸,139.7580846666667,36.023107
saitama,堀切,139.817727,35.742977
saitama,塚田,139.982859,35.722102
saitama,境町,139.256177,36.277191
saitama,増尾,139.976604,35.829704
saitama,多々良,139.500179,36.273732
saitama,多摩湖,139.442747,35.765881
saitama,大和田,139.65051,35.929359
saitama,大宮,139.62392755555555,35.906686888888885
saitama,大宮公園,139.632903,35.92374
saitama,大山,139.702589,35.748398
saitama,大崎,139.728439,35.619772
saitama,大泉学園,139.586732,35.749406
saitama,大磯,139.313388,35.311299
saitama,大船,139.531167,35.3532815
saitama,大袋,139.777868,35.92437
saitama,大野原,139.094071,36.018586
saitama,大麻生,139.331859,36.144612
saitama,太田,,
saitama,姫宮,139.738674,36.004384
saitama,宇都宮,,
saitama,守谷,139.992209,35.950626
saitama,安中榛名,,
saitama,宝積寺,,
saitama,宮原,139.609455,35.940256
saitama,家中,,
saitama,寄居,139.19430966666667,36.11780366666667
saitama,富士見台,139.62969,35.735867
saitama,小前田,139.222386,36.12895
saitama,小宮,139.368481,35.685799
saitama,小山,,
saitama,小川町,139.42916366666668,35.937705333333334
saitama,小平,139.488491,35.736963
saitama,小手指,139.438016,35.800535
saitama,小田原,139.1557595,35.25631575
saitama,小竹向原,139.678572,35.743803
saitama,小菅,139.812935,35.759039
saitama,小金井,,
saitama,尾久,139.753846,35.74683
saitama,岡本,,
saitama,岡部,139.237622,36.205645
saitama,岩槻,139.693197,35.950239
saitama,川俣,139.52652,36.208778
saitama,川口,139.717472,35.801869
saitama,川口元郷,139.730043,35.800187
saitama,川角,139.346426,35.937438
saitama,川越,139.483078,35.906742
saitama,川越市,139.476989,35.914146
saitama,川間,139.83385,35.979172
saitama,市ケ谷,139.736074,35.691787
saitama,市川大野,139.951227,35.755432
saitama,平和台,139.73621066666666,35.788985333333336
saitama,平塚,139.349063,35.327647
saitama,幸手,139.714937,36.074297
saitama,広瀬川原,,
saitama,府中本町,139.477142,35.665766
saitama,影森,139.068413,35.972015
saitama,御花畑,139.083614,35.992369
saitama,志久,139.62228,35.991099
saitama,志木,139.575367,35.822105
saitama,恵比寿,139.7098536,35.6468144
saitama,愛宕,139.864817,35.950154
saitama,成増,139.632708,35.777723
saitama,戸塚,139.53429119999998,35.4005092
saitama,戸塚安行,139.753689,35.858873
saitama,戸田,139.669548,35.817665
saitama,戸田公園,139.678203,35.807906
saitama,所沢,139.473324,35.786627
saitama,折原,139.195205,36.096296
saitama,押上,,
saitama,拝島,139.343468,35.721278
saitama,持田,139.44155,36.137615
saitama,指扇,139.564951,35.917023
saitama,新三郷,139.869341,35.858667
saitama,新井宿,139.737908,35.842974
saitama,新井薬師前,139.672582,35.715778
saitama,新伊勢崎,,
saitama,新八柱,139.938393,35.792013
saitama,新前橋,,
saitama,新古河,139.686904,36.192686
saitama,新大平下,,
saitama,新宿,139.70006215384618,35.68993538461538
saitama,新宿三丁目,139.70533133333333,35.690772
saitama,新富町,139.773711,35.670462
saitama,新小平,139.470745,35.73128
saitama,新川崎,139.671481,35.551784
saitama,新座,139.556328,35.80381
saitama,新御徒町,139.781958,35.707045
saitama,新所沢,139.457069,35.805854
saitama,新木場,139.82701933333334,35.64605866666667
saitama,新松戸,139.921076,35.825467
saitama,新柏,139.966994,35.838128
saitama,新栃木,,
saitama,新河岸,139.497257,35.890911
saitama,新狭山,139.433499,35.873993
saitama,新田,139.795391,35.854086
saitama,新町,139.105457,36.272984
saitama,新白岡,139.67208,36.038732
saitama,新秋津,139.493592,35.778331
saitama,新船橋,139.979765,35.710993
saitama,新越谷,139.789905,35.875186
saitama,新郷,139.510474,36.171317
saitama,新鎌ケ谷,,
saitama,新鹿沼,,
saitama,日進,139.606111,35.931555
saitama,明戸,139.303306,36.142958
saitama,明治神宮前,,
saitama,明神,,
saitama,明覚,139.288789,36.003309
saitama,春日部,139.752345,35.980095
saitama,曳舟,139.816634,35.718418
saitama,月島,139.784233,35.664871
saitama,有楽町,139.76362566666666,35.675532
saitama,朝霞,139.600321,35.796736
saitama,朝霞台,139.587189,35.814328
saitama,木崎,139.312988,36.271393
saitama,本川越,139.481125,35.913524
saitama,本庄,139.188299,36.236229
saitama,本庄早稲田,,
saitama,杉戸高野台,139.714582,36.051536
saitama,東久留米,139.533739,35.760445
saitama,東京,139.76598675,35.68142116666667
saitama,東伏見,139.563529,35.728761
saitama,東向島,139.819306,35.724324
saitama,東吾野,139.260281,35.892439
saitama,東大宮,139.640291,35.948751
saitama,東宮原,139.618054,35.94262
saitama,東岩槻,139.712192,35.963273
saitama,東川口,139.7440335,35.875728499999994
saitama,東戸塚,139.556794,35.430353
saitama,東所沢,139.513878,35.79461
saitama,東新宿,139.707571,35.698417500000005
saitama,東村山,139.465839,35.76006
saitama,東松山,139.401651,36.034608
saitama,東松戸,139.943254,35.770173
saitama,東武動物公園,139.726901,36.024604
saitama,東武和泉,,
saitama,東武日光,,
saitama,東武竹沢,139.237591,36.0754
saitama,東武練馬,139.661964,35.768698
saitama,東武金崎,,
saitama,東毛呂,139.315303,35.947058
saitama,東池袋,139.719546,35.725732
saitama,東浦和,139.704627,35.864079
saitama,東福生,139.33594,35.745811
saitama,東行田,139.468394,36.147265
saitama,東長崎,139.683294,35.73003
saitama,東飯能,139.325965,35.852928
saitama,東鷲宮,139.67913,36.089428
saitama,松久,139.182127,36.172938
saitama,板倉東洋大前,139.648493,36.222404
saitama,板橋,139.719507,35.745435
saitama,板荷,,
saitama,柏,139.971148,35.862316
saitama,柏たなか,139.957533,35.9109
saitama,柏の葉キャンパス,139.952454,35.89308
saitama,柳瀬川,139.562071,35.830723
saitama,柳生,139.659645,36.206756
saitama,栃木,,
saitama,栗橋,139.694016,36.136943
saitama,桜台,139.662602,35.738797
saitama,桜沢,139.206981,36.128672
saitama,桜田門,139.75149,35.677405
saitama,桶川,139.564274,35.998375
saitama,梅島,139.797916,35.772437
saitama,梅郷,139.891086,35.931575
saitama,森林公園,139.374947,36.045239
saitama,椎名町,139.694363,35.726572
saitama,楡木,,
saitama,樅山,,
saitama,樋口,139.122226,36.131076
saitama,横浜,139.62232336363638,35.466150727272726
saitama,横瀬,139.097818,35.985548
saitama,正丸,139.181521,35.938324
saitama,武川,139.281714,36.142197
saitama,武州中川,139.035439,35.958347
saitama,武州唐沢,139.30912,35.952127
saitama,武州日野,139.021888,35.953867
saitama,武州荒木,139.488569,36.162614
saitama,武州長瀬,139.325561,35.942023
saitama,武蔵小杉,139.66067857142858,35.57621485714286
saitama,武蔵嵐山,139.32829,36.044001
saitama,武蔵横手,139.280667,35.885256
saitama,武蔵浦和,139.6473915,35.8457345
saitama,武蔵藤沢,139.412736,35.820963
saitama,武蔵関,139.576417,35.7276
saitama,武蔵高萩,139.371123,35.901729
saitama,武里,139.770675,35.949102
saitama,毛呂,139.309237,35.940806
saitama,氏家,,
saitama,氷川台,139.665567,35.74955
saitama,永田,139.785339,35.8192215
saitama,永田町,139.740258,35.678757
saitama,江古田,139.672814,35.737557
saitama,江戸川台,139.91045,35.897344
saitama,江戸川橋,139.733538,35.709495
saitama,池袋,139.7106608888889,35.730262555555555
saitama,沼南,139.623481,35.971165
saitama,沼袋,139.663841,35.719458
saitama,波久礼,139.158078,36.126728
saitama,流山おおたかの森,139.92547100000002,35.871925000000005
saitama,流山セントラルパーク,139.915223,35.854552
saitama,浅草,139.79629125,35.7114735
saitama,浦和,139.657109,35.858496
saitama,浦和美園,139.72779,35.893677
saitama,浦山口,139.058134,35.963922
saitama,浮間舟渡,139.691341,35.791209
saitama,深谷,139.28127,36.191344
saitama,清水公園,139.85967,35.959364
saitama,清瀬,139.519917,35.772221
saitama,渋谷,139.70145854545456,35.65893609090909
saitama,熊谷,139.38953500000002,36.13947
saitama,片岡,,
saitama,牛田,139.811816,35.744555
saitama,狭山ヶ丘,139.416975,35.810445
saitama,狭山市,139.413015,35.856936
saitama,獨協大学前,,
saitama,玉淀,139.200052,36.117071
saitama,用土,139.200758,36.153858
saitama,田無,139.539259,35.727307
saitama,男衾,139.234442,36.107415
saitama,白久,138.993263,35.95895
saitama,白岡,139.666826,36.01774
saitama,的場,139.435376,35.917478
saitama,皆野,139.093947,36.068682
saitama,県,,
saitama,矢板,,
saitama,石原,139.368901,36.147612
saitama,石橋,,
saitama,石神井公園,139.606981,35.743563
saitama,研究学園,140.082256,36.0821
saitama,神保原,139.149172,36.25359
saitama,福居,,
saitama,秋津,139.496539,35.778614
saitama,秋葉原,139.7739192,35.6985816
saitama,秩父,139.086044,35.99883
saitama,稲荷山公園,139.39842,35.845112
saitama,竹ノ塚,139.790788,35.794368
saitama,竹沢,139.229952,36.075466
saitama,笠幡,139.40622,35.907551
saitama,箱根ケ崎,139.346805,35.771158
saitama,籠原,139.330199,36.17448
saitama,細谷,,
saitama,練馬,139.6544685,35.737770749999996
saitama,練馬高野台,139.616749,35.740622
saitama,群馬藤岡,139.08338,36.250336
saitama,羽沢横浜国大,139.586389,35.481389
saitama,羽生,139.533949,36.170345
saitama,羽貫,139.608608,36.007311
saitama,自治医大,,
saitama,航空公園,139.465641,35.798272
saitama,船橋,139.98459133333333,35.70194333333333
saitama,船橋法典,139.966771,35.730435
saitama,芦ヶ久保,139.135982,35.976505
saitama,花小金井,139.513228,35.726129
saitama,花崎,139.633522,36.109891
saitama,若葉,139.408782,35.948919
saitama,茂林寺前,139.527058,36.226331
saitama,茅ケ崎,139.407197,35.330741
saitama,草加,139.803397,35.828476
saitama,蒲生,139.791686,35.866851
saitama,蒲須坂,,
saitama,蓮田,139.653016,35.981272
saitama,蕨,139.690357,35.827959
saitama,藤の牛島,139.778038,35.98026
saitama,藤岡,139.64555,36.255628
saitama,藤沢,139.48718566666665,35.338222333333334
saitama,行田,139.432103,36.113879
saitama,行田市,139.458851,36.143759
saitama,西吾野,139.202425,35.927082
saitama,西国分寺,139.465994,35.699744
saitama,西大井,139.721729,35.601616
saitama,西大宮,139.5797968,35.92228133
saitama,西大家,139.356321,35.931698
saitama,西川口,139.704312,35.815514
saitama,西川越,139.459746,35.91909
saitama,西所沢,139.455959,35.789303
saitama,西新井,139.790372,35.777323
saitama,西早稲田,139.709101,35.708242
saitama,西武園ゆうえんち,139.440166,35.769042
saitama,西武新宿,139.7,35.696254
saitama,西武柳沢,139.552477,35.728621
saitama,西武球場前,139.41966,35.77093
saitama,西武秩父,139.083548,35.990061
saitama,西浦和,139.627707,35.844139
saitama,西羽生,139.523986,36.17635
saitama,西船橋,139.9593104,35.7072206
saitama,要町,139.698715,35.73323
saitama,親鼻,139.106103,36.077539
saitama,護国寺,139.72754,35.719044
saitama,谷塚,139.801483,35.814926
saitama,豊四季,139.93929,35.86657
saitama,豊春,139.72601,35.968014
saitama,豊洲,139.795812,35.65435
saitama,赤羽,139.720928,35.778026
saitama,赤羽岩淵,139.722103,35.783417
saitama,越生,139.299437,35.962559
saitama,越谷,139.786213,35.887529
saitama,越谷レイクタウン,139.822178,35.876353
saitama,足利市,,
saitama,辰巳,139.81052,35.645576
saitama,辻堂,139.447106,35.336847
saitama,逆井,139.983812,35.823336
saitama,逗子,139.578292,35.297392
saitama,運河,139.906063,35.914392
saitama,那須塩原,,
saitama,都立家政,139.644839,35.722313
saitama,野上,139.110865,36.11157
saitama,野州山辺,,
saitama,野方,139.652733,35.719658
saitama,野木,139.734729,36.229963
saitama,野田市,139.870728,35.943652
saitama,金子,139.328546,35.810822
saitama,鉄道博物館,139.617796,35.920271
saitama,鉢形,139.208649,36.11378
saitama,銀座一丁目,139.767045,35.67435
saitama,鎌ケ谷,,
saitama,鎌倉,139.5502745,35.318642
saitama,鐘ヶ淵,139.820344,35.733712
saitama,長瀞,139.112346,36.095462
saitama,間々田,139.761039,36.257907
saitama,雀宮,,
saitama,雑司が谷,139.714795,35.720233
saitama,霞ヶ関,139.442897,35.925635
saitama,青井,139.82038,35.771782
saitama,静和,,
saitama,韮川,,
saitama,飯田橋,139.7446932,35.702071000000004
saitama,飯能,139.318824,35.851189
saitama,館林,139.527811,36.246606
saitama,馬込沢,139.992199,35.741586
saitama,高坂,139.397747,36.002572
saitama,高崎,,
saitama,高崎問屋町,,
saitama,高柳,139.998936,35.808211
saitama,高田馬場,139.70405833333334,35.71289733333333
saitama,高麗,139.304414,35.881982
saitama,高麗川,139.33809,35.896328
saitama,鳩ヶ谷,139.735967,35.830859
saitama,鴨宮,139.180147,35.275744
saitama,鴻巣,139.509552,36.0592
saitama,鶴ヶ島,139.423825,35.936771
saitama,鶴瀬,139.539347,35.845776
saitama,鷲宮,139.656945,36.09626
saitama,鷺ノ宮,139.63892,35.722605
saitama,麹町,139.737613,35.684006
tokyo,あざみ野,139.55357800000002,35.5683605
tokyo,お台場海浜公園,139.778607,35.629813
tokyo,お花茶屋,139.83988,35.747585
tokyo,さいたま新都心,139.633587,35.893867
tokyo,すずかけ台,139.481684,35.517094
tokyo,せんげん台,139.774478,35.935832
tokyo,たまプラーザ,139.558447,35.577427
tokyo,つきのわ,139.345541,36.04352
tokyo,つきみ野,139.458651,35.510546
tokyo,つくし野,139.485139,35.527559
tokyo,つくば,140.110604,36.0825
tokyo,つつじヶ丘,139.575103,35.657936
tokyo,とうきょうスカイツリー,139.809332,35.71043
tokyo,ときわ台,139.689015,35.758771
tokyo,はるひ野,139.464534,35.618885
tokyo,ひたち野うしく,140.158408,36.007996
tokyo,ひばりヶ丘,139.545852,35.751485
tokyo,ふじみ野,139.523389,35.860735
tokyo,みずほ台,139.55078,35.838233
tokyo,みどりの,140.056276,36.03025
tokyo,みなみ寄居,139.2365,36.092417
tokyo,みらい平,140.038555,35.99514
tokyo,めじろ台,139.308446,35.643601
tokyo,テレコムセンター,139.779327,35.617593
tokyo,ユーカリが丘,140.15668649999998,35.722024000000005
tokyo,一ノ割,139.766219,35.96412
tokyo,一之江,139.882934,35.686055
tokyo,一橋学園,139.480039,35.72217
tokyo,万博記念公園,140.059256,36.05841
tokyo,万願寺,139.420079,35.671249
tokyo,三ノ輪,139.791485,35.729623
tokyo,三ノ輪橋,139.791412,35.732248
tokyo,三河島,139.777131,35.733383
tokyo,三田,139.748775,35.64818
tokyo,三越前,139.7733705,35.686004499999996
tokyo,三軒茶屋,139.670156,35.643716
tokyo,三郷,139.886341,35.845004
tokyo,三郷中央,139.878344,35.824514
tokyo,三鷹,139.560325,35.702683
tokyo,三鷹台,139.589298,35.692046
tokyo,上中里,139.745769,35.74728
tokyo,上井草,139.602937,35.725326
tokyo,上北台,139.415822,35.745824
tokyo,上北沢,139.62329,35.668857
tokyo,上大岡,139.5962265,35.4090815
tokyo,上尾,139.588434,35.973522
tokyo,上板橋,139.67641,35.763596
tokyo,上毛高原,,
tokyo,上町,139.646276,35.643656
tokyo,上石神井,139.592266,35.726189
tokyo,上福岡,139.511782,35.873855
tokyo,上野,139.77706275,35.713213
tokyo,上野広小路,139.772877,35.70768
tokyo,上野御徒町,139.774332,35.707893
tokyo,上野毛,139.638917,35.611957
tokyo,下丸子,139.685576,35.571397
tokyo,下井草,139.624688,35.723852
tokyo,下北沢,139.667213,35.661597
tokyo,下板橋,139.714785,35.745721
tokyo,下神明,139.726256,35.608704
tokyo,下総中山,139.943092,35.714276
tokyo,下落合,139.695391,35.715846
tokyo,下赤塚,139.644482,35.770558
tokyo,下高井戸,139.641372,35.66615
tokyo,不動前,139.71469,35.626526
tokyo,与野本町,139.626075,35.880968
tokyo,世田谷,139.650945,35.643564
tokyo,世田谷代田,139.661557,35.65834
tokyo,世良田,139.282038,36.272931
tokyo,両国,139.7953775,35.6963355
tokyo,中井,139.6866615,35.7145705
tokyo,中央大学・明星大学,139.408672,35.64197
tokyo,中央林間,139.44452,35.5078685
tokyo,中山,139.540006,35.514887
tokyo,中延,139.713131,35.6057395
tokyo,中村橋,139.637456,35.736767
tokyo,中板橋,139.694628,35.756214
tokyo,中河原,139.457602,35.659549
tokyo,中浦和,139.6375,35.853769
tokyo,中目黒,139.698621,35.643854
tokyo,中神,139.375816,35.709058
tokyo,中野,139.665835,35.705765
tokyo,中野坂上,139.6825945,35.69750500000001
tokyo,中野富士見町,139.666933,35.690514
tokyo,中野島,139.5501,35.630135
tokyo,中野新橋,139.673997,35.692123
tokyo,丹荘,139.102306,36.216668
tokyo,乃木坂,139.726215,35.666572
tokyo,久が原,139.685678,35.579499
tokyo,久喜,139.67727,36.065684
tokyo,久地,139.592714,35.610363
tokyo,久我山,139.599211,35.688138
tokyo,久米川,139.472653,35.749575
tokyo,久里浜,139.700862,35.233107
tokyo,九品仏,139.660992,35.60538
tokyo,九段下,139.751948,35.695589
tokyo,亀戸,139.8265265,35.697526499999995
tokyo,亀戸水神,139.833422,35.699976
tokyo,亀有,139.847573,35.766527
tokyo,二俣尾,139.216161,35.803946
tokyo,二俣新町,139.959525,35.691273
tokyo,二子新地,139.622338,35.606994
tokyo,二子玉川,139.626685,35.611788
tokyo,二宮,139.256925,35.298644
tokyo,二重橋前,139.761948,35.681071
tokyo,五反田,139.72405733333335,35.626112666666664
tokyo,五反野,139.809643,35.765852
tokyo,五月台,139.493542,35.600174
tokyo,井の頭公園,139.583112,35.697304
tokyo,井土ヶ谷,139.60061,35.433895
tokyo,井荻,139.615303,35.72469
tokyo,井野,140.148497,35.732605
tokyo,京急大津,139.695334,35.261068
tokyo,京急富岡,139.629772,35.366743
tokyo,京急川崎,139.700893,35.53285
tokyo,京急新子安,139.655848,35.487242
tokyo,京急東神奈川,139.634669,35.477412
tokyo,京急田浦,139.625252,35.300892
tokyo,京急蒲田,139.723681,35.560796
tokyo,京急鶴見,139.677743,35.507032
tokyo,京成上野,139.773571,35.711232
tokyo,京成中山,139.944203,35.716998
tokyo,京成佐倉,140.229633,35.725205
tokyo,京成八幡,139.92816,35.723811
tokyo,京成大久保,140.048629,35.686016
tokyo,京成大和田,140.108578,35.712309
tokyo,京成小岩,139.88371,35.742158
tokyo,京成成田,140.315473,35.776308
tokyo,京成曳舟,139.820012,35.718441
tokyo,京成津田沼,140.024823,35.68364
tokyo,京成立石,139.848558,35.738281
tokyo,京成臼井,140.180796,35.730017
tokyo,京成船橋,139.985451,35.700161
tokyo,京成西船,139.958863,35.711627
tokyo,京成酒々井,140.270132,35.736867
tokyo,京成金町,139.870387,35.768471
tokyo,京成関屋,139.81183,35.744008
tokyo,京成高砂,139.866875,35.750932
tokyo,京橋,139.770126,35.676856
tokyo,京王よみうりランド,139.517597,35.632934
tokyo,京王八王子,139.343851,35.657416
tokyo,京王堀之内,139.400314,35.624438
tokyo,京王多摩センター,139.42402,35.62518
tokyo,京王多摩川,139.536606,35.644499
tokyo,京王永山,139.448204,35.630102
tokyo,京王片倉,139.337035,35.644343
tokyo,京王稲田堤,139.531099,35.633895
tokyo,人形町,139.782285,35.686307
tokyo,仏子,139.360115,35.83769
tokyo,仙川,139.584908,35.662257
tokyo,代々木,139.70191666666668,35.68311333333333
tokyo,代々木上原,139.680153,35.669159
tokyo,代々木八幡,139.688913,35.669715
tokyo,代々木公園,139.689099,35.669187
tokyo,代官山,139.703284,35.648193
tokyo,代田橋,139.659413,35.671092
tokyo,仲御徒町,139.776138,35.706649
tokyo,伊勢崎,,
tokyo,住吉,139.815681,35.689073
tokyo,佐和,,
tokyo,保土ケ谷,139.599671,35.446746
tokyo,保谷,139.567753,35.748222
tokyo,信濃町,139.720729,35.680031
tokyo,倉賀野,,
tokyo,偕楽園,,
tokyo,元住吉,139.654668,35.565698
tokyo,元加治,139.345316,35.84058
tokyo,光が丘,139.628603,35.758526
tokyo,児玉,139.13582,36.192624
tokyo,入曽,139.427304,35.832481
tokyo,入谷,139.5879185,35.59917
tokyo,入間市,139.390294,35.842904
tokyo,八丁堀,139.7773435,35.674734
tokyo,八丁畷,139.691396,35.5230625
tokyo,八千代台,140.090942,35.701465
tokyo,八坂,139.467676,35.744925
tokyo,八幡山,139.614927,35.669982
tokyo,八広,139.828738,35.727687
tokyo,八潮,139.845017,35.807905
tokyo,八王子,139.338998,35.655555
tokyo,八王子みなみ野,139.330678,35.630664
tokyo,公津の杜,140.294904,35.760446
tokyo,六本木,139.73150500000003,35.6633785
tokyo,六本木一丁目,139.739,35.665595
tokyo,六町,139.821816,35.784963
tokyo,六郷土手,139.7076,35.540577
tokyo,内原,,
tokyo,内幸町,139.75561,35.66975
tokyo,分倍河原,139.468798,35.668493
tokyo,初台,139.686354,35.68123
tokyo,前橋,,
tokyo,剛志,,
tokyo,加須,139.595584,36.122992
tokyo,勝どき,139.776442,35.658507
tokyo,勝田,,
tokyo,勝田台,140.126053,35.715445
tokyo,北上尾,139.577223,35.985632
tokyo,北与野,139.628521,35.890678
tokyo,北八王子,139.363348,35.669232
tokyo,北千住,139.804816,35.749378
tokyo,北千束,139.693303,35.606311
tokyo,北参道,139.705453,35.678459
tokyo,北品川,139.739191,35.622458
tokyo,北国分,139.914252,35.762916
tokyo,北坂戸,139.396932,35.972098
tokyo,北小金,139.931303,35.833436
tokyo,北府中,139.471792,35.68088
tokyo,北戸田,139.661201,35.826883
tokyo,北春日部,139.744012,35.990655
tokyo,北朝霞,139.587322,35.815475
tokyo,北本,139.533591,36.032112
tokyo,北松戸,139.911528,35.800459
tokyo,北柏,139.988035,35.875623
tokyo,北池袋,139.716749,35.741283
tokyo,北綾瀬,139.832035,35.777117
tokyo,北藤岡,,
tokyo,北赤羽,139.70569,35.787007
tokyo,北越谷,139.780008,35.901724
tokyo,北野,139.354489,35.644479
tokyo,北鎌倉,139.545134,35.337198
tokyo,北鴻巣,139.476894,36.085529
tokyo,十日市場,139.51669,35.526254
tokyo,十条,139.722233,35.760321
tokyo,十王,,
tokyo,千住大橋,139.796934,35.74243
tokyo,千川,139.689271,35.738229
tokyo,千歳烏山,139.60067,35.667921
tokyo,千歳船橋,139.624544,35.647616
tokyo,千石,139.744792,35.727957
tokyo,千葉,140.11320814285713,35.61304185714285
tokyo,千葉みなと,140.1028,35.60698466666667
tokyo,千葉ニュータウン中央,140.116159,35.800175
tokyo,千駄ケ谷,139.711644,35.681231
tokyo,千駄木,139.763243,35.725549
tokyo,千鳥町,139.69142,35.572983
tokyo,半蔵門,139.74163,35.685703
tokyo,南与野,139.631117,35.867456
tokyo,南中郷,,
tokyo,南千住,139.799152,35.73328133333333
tokyo,南多摩,139.489781,35.649249
tokyo,南大塚,139.454189,35.889663
tokyo,南大沢,139.3798,35.6141
tokyo,南太田,139.613408,35.436923
tokyo,南平,139.392008,35.654559
tokyo,南新宿,139.69867,35.683483
tokyo,南柏,139.954111,35.844655
tokyo,南流山,139.903568,35.8383625
tokyo,南浦和,139.669125,35.847648
tokyo,南町田グランベリーパーク,139.470318,35.511502
tokyo,南砂町,139.83065,35.668796
tokyo,南羽生,139.55696,36.14959
tokyo,南船橋,139.995773,35.681804
tokyo,南行徳,139.902311,35.672687
tokyo,南越谷,139.790499,35.876106
tokyo,南阿佐ケ谷,139.63576,35.699624
tokyo,南鳩ヶ谷,139.736059,35.816839
tokyo,印旛日本医大,140.203112,35.787512
tokyo,印西牧の原,140.166911,35.803608
tokyo,原宿,139.702592,35.670646
tokyo,原木中山,139.942029,35.703517
tokyo,参宮橋,139.693568,35.678586
tokyo,友部,,
tokyo,反町,139.625337,35.47474
tokyo,取手,140.063004,35.89553
tokyo,古河,139.709726,36.194375
tokyo,古淵,139.419151,35.556055
tokyo,古里,139.152102,35.816247
tokyo,台場,139.771435,35.625908
tokyo,吉川,139.843162,35.87662
tokyo,吉川美南,139.858167,35.868056
tokyo,吉祥寺,139.5798732,35.7029534
tokyo,向ヶ丘遊園,139.564719,35.617273
tokyo,向原,139.724894,35.728938
tokyo,向河原,139.66725,35.572891
tokyo,吹上,139.45312,36.103062
tokyo,和光市,139.612434,35.788507
tokyo,和戸,139.701156,36.039562
tokyo,和泉多摩川,139.573695,35.627349
tokyo,品川,139.7388475,35.62868066666667
tokyo,品川シーサイド,139.749549,35.608524
tokyo,唐木田,139.411622,35.616672
tokyo,喜多見,139.587445,35.636697
tokyo,四ツ木,139.834918,35.731962
tokyo,四ツ谷,139.7302858,35.6857482
tokyo,四谷三丁目,139.720103,35.687958
tokyo,国会議事堂前,139.745219,35.67393
tokyo,国分寺,139.48058220000001,35.7002656
tokyo,国府台,139.90322,35.736301
tokyo,国府津,139.212932,35.280832
tokyo,国立,139.44634,35.69923
tokyo,国立競技場,139.714932,35.679831
tokyo,国際展示場,139.791617,35.63441
tokyo,国領,139.558036,35.650087
tokyo,土呂,139.63214,35.931997
tokyo,土浦,140.206238,36.078644
tokyo,地下鉄成増,139.631497,35.776557
tokyo,地下鉄赤塚,139.644021,35.769939
tokyo,坂戸,139.7580846666667,36.023107
tokyo,堀ノ内,139.686932,35.26322
tokyo,堀切,139.817727,35.742977
tokyo,堀切菖蒲園,139.827545,35.747649
tokyo,境町,139.256177,36.277191
tokyo,外苑前,139.717857,35.670527
tokyo,多々良,139.500179,36.273732
tokyo,多摩センター,139.422782,35.623724
tokyo,多摩動物公園,139.40414950000002,35.648940499999995
tokyo,多摩境,139.366987,35.601826
tokyo,多摩川,139.668723,35.589591
tokyo,多摩湖,139.442747,35.765881
tokyo,多磨,139.51713,35.676821
tokyo,多磨霊園,139.502615,35.666197
tokyo,大久保,139.69732,35.700784
tokyo,大井町,139.73496666666668,35.607109
tokyo,大井競馬場前,139.74708,35.595006
tokyo,大佐倉,140.25079,35.729908
tokyo,大倉山,139.629808,35.52243
tokyo,大口,139.646288,35.492375
tokyo,大塚,139.728584,35.731412
tokyo,大塚・帝京大学,139.416461,35.636878
tokyo,大塚駅前,,
tokyo,大宮,139.62392755555555,35.906686888888885
tokyo,大山,139.702589,35.748398
tokyo,大岡山,139.685909,35.607456
tokyo,大島,139.83565,35.689905
tokyo,大崎,139.728439,35.619772
tokyo,大崎広小路,139.722339,35.622244
tokyo,大師前,139.781647,35.778989
tokyo,大手町,139.76455019999997,35.685847
tokyo,大森,139.728079,35.588903
tokyo,大森海岸,139.73544,35.587576
tokyo,大森町,139.732027,35.572431
tokyo,大泉学園,139.586732,35.749406
tokyo,大津港,,
tokyo,大甕,,
tokyo,大町,139.973567,35.775103
tokyo,大磯,139.313388,35.311299
tokyo,大神宮下,139.991431,35.693945
tokyo,大船,139.531167,35.3532815
tokyo,大袋,139.777868,35.92437
tokyo,大門,139.75466,35.656785
tokyo,大鳥居,139.739356,35.552531
tokyo,天王台,140.04121,35.872558
tokyo,天王洲アイル,139.750734,35.621735
tokyo,天空橋,139.75423,35.548908
tokyo,太田,,
tokyo,奥多摩,139.096961,35.809357
tokyo,奥沢,139.672355,35.603947
tokyo,妙典,139.924209,35.690935
tokyo,妙蓮寺,139.633194,35.498779
tokyo,姫宮,139.738674,36.004384
tokyo,子安,139.644965,35.484556
tokyo,学習院下,139.71247,35.716248
tokyo,学芸大学,139.68522,35.628786
tokyo,宇都宮,,
tokyo,守谷,139.992209,35.950626
tokyo,安中榛名,,
tokyo,安針塚,139.64292,35.286641
tokyo,宗吾参道,140.280975,35.752669
tokyo,宝町,139.771767,35.675461
tokyo,宝積寺,,
tokyo,実籾,140.068289,35.686852
tokyo,宮の坂,139.64494,35.647508
tokyo,宮ノ前,139.764955,35.750135
tokyo,宮ノ平,139.237289,35.787545
tokyo,宮前平,139.581983,35.584951
tokyo,宮原,139.609455,35.940256
tokyo,宮崎台,139.591313,35.587228
tokyo,宿河原,139.579565,35.615429
tokyo,寄居,139.19430966666667,36.11780366666667
tokyo,富士見ヶ丘,139.607072,35.684805
tokyo,富士見台,139.62969,35.735867
tokyo,小伝馬町,139.778433,35.690737
tokyo,小作,139.302233,35.776048
tokyo,小台,139.761779,35.750579
tokyo,小室,140.076073,35.787004
tokyo,小宮,139.368481,35.685799
tokyo,小山,,
tokyo,小岩,139.881755,35.733207
tokyo,小川,139.463493,35.737573
tokyo,小川町,139.42916366666668,35.937705333333334
tokyo,小平,139.488491,35.736963
tokyo,小手指,139.438016,35.800535
tokyo,小木津,,
tokyo,小机,139.599787,35.508533
tokyo,小村井,139.827595,35.710316
tokyo,小田原,139.1557595,35.25631575
tokyo,小田急多摩センター,139.424298,35.624902
tokyo,小田急永山,139.447943,35.629972
tokyo,小田栄,139.704944,35.5145
tokyo,小竹向原,139.678572,35.743803
tokyo,小菅,139.812935,35.759039
tokyo,小金井,,
tokyo,尻手,139.684233,35.530939
tokyo,尾久,139.753846,35.74683
tokyo,尾山台,139.653862,35.606971
tokyo,屏風浦,139.610387,35.394176
tokyo,山下,139.646509,35.653844
tokyo,山手,139.646425,35.426891
tokyo,山田,139.321082,35.644411
tokyo,岡本,,
tokyo,岡部,139.237622,36.205645
tokyo,岩本町,139.775866,35.695534
tokyo,岩間,,
tokyo,川井,139.16429,35.813697
tokyo,川俣,139.52652,36.208778
tokyo,川口元郷,139.730043,35.800187
tokyo,川崎,139.697485,35.531311
tokyo,川崎新町,139.699348,35.518234
tokyo,川越,139.483078,35.906742
tokyo,川越市,139.476989,35.914146
tokyo,巣鴨,139.738911,35.7334735
tokyo,巣鴨新田,139.727769,35.735488
tokyo,市が尾,139.541496,35.551483
tokyo,市ケ谷,139.736074,35.691787
tokyo,市場前,139.78564,35.645684
tokyo,市川,139.908142,35.728903
tokyo,市川塩浜,139.923684,35.666554
tokyo,市川大野,139.951227,35.755432
tokyo,市川真間,139.911717,35.73121
tokyo,布田,139.551557,35.649904
tokyo,常陸多賀,,
tokyo,幕張,140.057899,35.6594
tokyo,幕張本郷,140.042241,35.672664
tokyo,幕張豊砂,140.0272,35.6579
tokyo,幡ヶ谷,139.676183,35.677061
tokyo,平井,139.842181,35.70643
tokyo,平和台,139.73621066666666,35.788985333333336
tokyo,平和島,139.73491,35.57868
tokyo,平塚,139.349063,35.327647
tokyo,平山城址公園,139.379926,35.647371
tokyo,平間,139.671039,35.560565
tokyo,広尾,139.722202,35.652279
tokyo,庚申塚,139.729743,35.739563
tokyo,府中,139.4799,35.672245
tokyo,府中本町,139.477142,35.665766
tokyo,府中競馬正門前,139.485019,35.668288
tokyo,弘明寺,139.599436,35.423832000000004
tokyo,後楽園,139.751864,35.707898
tokyo,御嶽,139.182589,35.801468
tokyo,御嶽山,139.682473,35.585236
tokyo,御徒町,139.774727,35.707282
tokyo,御成門,139.751535,35.661215
tokyo,御茶ノ水,139.76462066666667,35.699941333333335
tokyo,志木,139.575367,35.822105
tokyo,志村三丁目,139.685937,35.777391
tokyo,志村坂上,139.69538,35.775725
tokyo,志津,140.144982,35.717406
tokyo,志茂,139.732599,35.777948
tokyo,恋ヶ窪,139.463944,35.711385
tokyo,恵比寿,139.7098536,35.6468144
tokyo,成城学園前,139.598958,35.640114
tokyo,成増,139.632708,35.777723
tokyo,成瀬,139.472875,35.535412
tokyo,成田湯川,140.291596,35.799115
tokyo,成田空港,,
tokyo,我孫子,140.010466,35.87279
tokyo,戸塚,139.53429119999998,35.4005092
tokyo,戸塚安行,139.753689,35.858873
tokyo,戸田,139.669548,35.817665
tokyo,戸田公園,139.678203,35.807906
tokyo,戸越,139.716495,35.614633
tokyo,戸越公園,139.718159,35.608856
tokyo,戸越銀座,139.714862,35.615928
tokyo,戸部,139.61956,35.456631
tokyo,所沢,139.473324,35.786627
tokyo,扇大橋,139.770808,35.763897
tokyo,折原,139.195205,36.096296
tokyo,押上,,
tokyo,拝島,139.343468,35.721278
tokyo,整備場,139.753366,35.555125
tokyo,新三河島,139.773834,35.73714
tokyo,新三郷,139.869341,35.858667
tokyo,新中野,139.66903,35.697491
tokyo,新丸子,139.661964,35.58049
tokyo,新井宿,139.737908,35.842974
tokyo,新井薬師前,139.672582,35.715778
tokyo,新代田,139.660524,35.662593
tokyo,新伊勢崎,,
tokyo,新八柱,139.938393,35.792013
tokyo,新前橋,,
tokyo,新大久保,139.700261,35.700875
tokyo,新大塚,139.729971,35.72569
tokyo,新子安,139.654776,35.487064
tokyo,新宿,139.70006215384618,35.68993538461538
tokyo,新宿三丁目,139.70533133333333,35.690772
tokyo,新宿御苑前,139.71069,35.688588
tokyo,新宿西口,139.699155,35.693315
tokyo,新富町,139.773711,35.670462
tokyo,新小岩,139.857777,35.716903
tokyo,新小平,139.470745,35.73128
tokyo,新小金井,139.526603,35.695908
tokyo,新川崎,139.671481,35.551784
tokyo,新庚申塚,139.730451,35.741348
tokyo,新座,139.556328,35.80381
tokyo,新御徒町,139.781958,35.707045
tokyo,新御茶ノ水,139.766014,35.698072
tokyo,新所沢,139.457069,35.805854
tokyo,新整備場,139.786777,35.542773
tokyo,新日本橋,139.77323,35.688687
tokyo,新木場,139.82701933333334,35.64605866666667
tokyo,新杉田,139.6199925,35.386391
tokyo,新松戸,139.921076,35.825467
tokyo,新板橋,139.720101,35.748785
tokyo,新柴又,139.879376,35.75101
tokyo,新桜台,139.6683,35.74077
tokyo,新検見川,140.073025,35.65169
tokyo,新横浜,139.61750925,35.508381
tokyo,新橋,139.7588392857143,35.66618485714286
tokyo,新江古田,139.670653,35.732538
tokyo,新河岸,139.497257,35.890911
tokyo,新浦安,139.912553,35.649526
tokyo,新狭山,139.433499,35.873993
tokyo,新田,139.795391,35.854086
tokyo,新町,139.105457,36.272984
tokyo,新白岡,139.67208,36.038732
tokyo,新百合ヶ丘,139.507608,35.603705
tokyo,新秋津,139.493592,35.778331
tokyo,新習志野,140.012825,35.667342
tokyo,新豊洲,139.789996,35.648718
tokyo,新越谷,139.789905,35.875186
tokyo,新鎌ケ谷,,
tokyo,新馬場,139.741366,35.61762
tokyo,新高円寺,139.648068,35.697985
tokyo,新高島平,139.654275,35.790189
tokyo,方南町,139.656498,35.683496
tokyo,旗の台,139.702286,35.604923
tokyo,日の出,139.75906,35.649136
tokyo,日ノ出町,139.626696,35.445524
tokyo,日吉,139.64695999999998,35.55375325
tokyo,日向和田,139.229515,35.788665
tokyo,日暮里,139.771287,35.727908
tokyo,日本橋,139.77425100000002,35.681948
tokyo,日比谷,139.75963333333334,35.67495566666667
tokyo,日立,,
tokyo,日野,139.39393,35.679244
tokyo,早川,139.145014,35.238875
tokyo,早稲田,139.7201235,35.708785500000005
tokyo,明大前,139.650352,35.668758
tokyo,明治神宮前,,
tokyo,明覚,139.288789,36.003309
tokyo,春日,139.75325,35.709598
tokyo,春日部,139.752345,35.980095
tokyo,昭和島,139.749918,35.570656
tokyo,昭島,139.361564,35.713305
tokyo,是政,139.488592,35.656242
tokyo,曙橋,139.722881,35.692402
tokyo,曳舟,139.816634,35.718418
tokyo,月島,139.784233,35.664871
tokyo,有明,139.793269,35.634596
tokyo,有明テニスの森,139.78888,35.639964
tokyo,有楽町,139.76362566666666,35.675532
tokyo,朝霞,139.600321,35.796736
tokyo,朝霞台,139.587189,35.814328
tokyo,木場,139.807042,35.669351
tokyo,木崎,139.312988,36.271393
tokyo,末広町,139.771713,35.702972
tokyo,本八幡,139.927019,35.7219135
tokyo,本川越,139.481125,35.913524
tokyo,本庄,139.188299,36.236229
tokyo,本庄早稲田,,
tokyo,本所吾妻橋,139.804624,35.70858
tokyo,本蓮沼,139.702324,35.768782
tokyo,本郷三丁目,139.7600045,35.707066499999996
tokyo,本郷台,139.550159,35.36787
tokyo,本駒込,139.753828,35.724155
tokyo,杉田,139.615734,35.383796
tokyo,東あずま,139.831883,35.707067
tokyo,東中山,139.952683,35.714385
tokyo,東中神,139.384529,35.706337
tokyo,東中野,139.68371150000002,35.70671
tokyo,東久留米,139.533739,35.760445
tokyo,東京,139.76598675,35.68142116666667
tokyo,東京テレポート,139.778896,35.62753
tokyo,東京ビッグサイト,139.791228,35.630158
tokyo,東京国際クルーズターミナル,139.773157,35.621462
tokyo,東伏見,139.563529,35.728761
tokyo,東北沢,139.673014,35.665379
tokyo,東十条,139.726858,35.763803
tokyo,東向島,139.819306,35.724324
tokyo,東吾野,139.260281,35.892439
tokyo,東大前,139.758025,35.717633
tokyo,東大和市,139.434249,35.732829
tokyo,東大宮,139.640291,35.948751
tokyo,東大島,139.845963,35.690355
tokyo,東小金井,139.524837,35.701643
tokyo,東尾久三丁目,139.774386,35.745398
tokyo,東川口,139.7440335,35.875728499999994
tokyo,東府中,139.495257,35.668766
tokyo,東成田,140.387225,35.770091
tokyo,東戸塚,139.556794,35.430353
tokyo,東所沢,139.513878,35.79461
tokyo,東新宿,139.707571,35.698417500000005
tokyo,東日本橋,139.784821,35.692126
tokyo,東村山,139.465839,35.76006
tokyo,東松原,139.655535,35.662634
tokyo,東松山,139.401651,36.034608
tokyo,東松戸,139.943254,35.770173
tokyo,東武動物公園,139.726901,36.024604
tokyo,東武和泉,,
tokyo,東武竹沢,139.237591,36.0754
tokyo,東武練馬,139.661964,35.768698
tokyo,東池袋,139.719546,35.725732
tokyo,東池袋四丁目,139.720012,35.72528
tokyo,東浦和,139.704627,35.864079
tokyo,東海,,
tokyo,東白楽,139.629364,35.483523
tokyo,東神奈川,139.633466,35.47804
tokyo,東福生,139.33594,35.745811
tokyo,東秋留,139.311665,35.725904
tokyo,東船橋,140.00393,35.699811
tokyo,東逗子,139.601768,35.298781
tokyo,東銀座,139.767253,35.669464
tokyo,東長崎,139.683294,35.73003
tokyo,東陽町,139.817596,35.669629
tokyo,東雲,139.804395,35.640987
tokyo,東青梅,139.272841,35.789768
tokyo,東飯能,139.325965,35.852928
tokyo,東高円寺,139.657822,35.697802
tokyo,東鷲宮,139.67913,36.089428
tokyo,松が谷,139.422201,35.63169
tokyo,松久,139.182127,36.172938
tokyo,松原,139.642,35.660048
tokyo,松戸,139.900779,35.784472
tokyo,松陰神社前,139.655211,35.643947
tokyo,松飛台,139.957739,35.775377
tokyo,板橋,139.719507,35.745435
tokyo,板橋区役所前,139.710102,35.751284
tokyo,板橋本町,139.705535,35.761339
tokyo,柏,139.971148,35.862316
tokyo,柏たなか,139.957533,35.9109
tokyo,柏の葉キャンパス,139.952454,35.89308
tokyo,柳瀬川,139.562071,35.830723
tokyo,柴又,139.875188,35.756323
tokyo,柴崎,139.56658,35.653997
tokyo,柴崎体育館,139.409191,35.689475
tokyo,柿生,139.497614,35.589597
tokyo,栄町,139.930358,35.6818655
tokyo,栗平,139.481298,35.605731
tokyo,栗橋,139.694016,36.136943
tokyo,根岸,139.636034,35.415887
tokyo,根府川,139.138504,35.202455
tokyo,根津,139.765655,35.7174
tokyo,桜上水,139.63129,35.66768
tokyo,桜台,139.662602,35.738797
tokyo,桜新町,139.644779,35.631666
tokyo,桜木町,139.630836,35.4503895
tokyo,桜田門,139.75149,35.677405
tokyo,桜街道,139.416653,35.739
tokyo,桶川,139.564274,35.998375
tokyo,梅ヶ丘,139.653628,35.656024
tokyo,梅屋敷,139.728266,35.566873
tokyo,梅島,139.797916,35.772437
tokyo,梶が谷,139.605885,35.593963
tokyo,梶原,139.747403,35.751162
tokyo,森下,139.797042,35.68796
tokyo,森林公園,139.374947,36.045239
tokyo,椎名町,139.694363,35.726572
tokyo,検見川浜,140.058888,35.637291
tokyo,横浜,139.62232336363638,35.466150727272726
tokyo,横須賀,139.655855,35.284022
tokyo,横須賀中央,139.670217,35.27858
tokyo,橋本,139.34413266666664,35.595155999999996
tokyo,武蔵中原,139.640613,35.581498
tokyo,武蔵五日市,139.228039,35.732248
tokyo,武蔵境,139.543402,35.702083
tokyo,武蔵増戸,139.256355,35.730961
tokyo,武蔵大和,139.444008,35.756427
tokyo,武蔵小山,139.704524,35.620538
tokyo,武蔵小杉,139.66067857142858,35.57621485714286
tokyo,武蔵小金井,139.506483,35.701337
tokyo,武蔵嵐山,139.32829,36.044001
tokyo,武蔵引田,139.269907,35.729711
tokyo,武蔵新城,139.629419,35.587369
tokyo,武蔵新田,139.692506,35.567806
tokyo,武蔵横手,139.280667,35.885256
tokyo,武蔵浦和,139.6473915,35.8457345
tokyo,武蔵溝ノ口,139.61139,35.598923
tokyo,武蔵砂川,139.392319,35.728876
tokyo,武蔵藤沢,139.412736,35.820963
tokyo,武蔵野台,139.511289,35.664159
tokyo,武蔵関,139.576417,35.7276
tokyo,武里,139.770675,35.949102
tokyo,毛呂,139.309237,35.940806
tokyo,氏家,,
tokyo,水天宮前,139.785377,35.682683
tokyo,水戸,,
tokyo,水道橋,139.75473599999998,35.7027185
tokyo,氷川台,139.665567,35.74955
tokyo,永田町,139.740258,35.678757
tokyo,永福町,139.642733,35.67629
tokyo,汐入,139.662443,35.280241
tokyo,汐留,139.7603135,35.663287
tokyo,江北,139.770306,35.774021
tokyo,江古田,139.672814,35.737557
tokyo,江戸川,139.896226,35.737723
tokyo,江戸川橋,139.733538,35.709495
tokyo,江田,139.551518,35.558671
tokyo,池ノ上,139.67344,35.660402
tokyo,池上,139.702822,35.572025
tokyo,池尻大橋,139.684319,35.650603
tokyo,池袋,139.7106608888889,35.730262555555555
tokyo,沢井,139.193324,35.80594
tokyo,河辺,139.284032,35.78473
tokyo,沼袋,139.663841,35.719458
tokyo,沼部,139.67326,35.582526
tokyo,泉体育館,139.419525,35.718775
tokyo,泉岳寺,139.74002,35.638692
tokyo,洋光台,139.596852,35.378785
tokyo,洗足,139.694367,35.61043
tokyo,洗足池,139.690896,35.599648
tokyo,津田山,139.600002,35.604259
tokyo,津田沼,140.020179,35.691367
tokyo,流山おおたかの森,139.92547100000002,35.871925000000005
tokyo,流山セントラルパーク,139.915223,35.854552
tokyo,流通センター,139.748964,35.58186
tokyo,浅草,139.79629125,35.7114735
tokyo,浅草橋,139.785366,35.697427000000005
tokyo,浜川崎,139.713529,35.5101455
tokyo,浜松町,139.75700566666669,35.655482666666664
tokyo,浜田山,139.627528,35.681603
tokyo,浜町,139.788154,35.688516
tokyo,浦和,139.657109,35.858496
tokyo,浦和美園,139.72779,35.893677
tokyo,浦安,139.893193,35.665932
tokyo,浦賀,139.714999,35.250933
tokyo,浮間舟渡,139.691341,35.791209
tokyo,海浜幕張,140.041917,35.648373
tokyo,海神,139.971888,35.705888
tokyo,淡路町,139.7675149,35.6953595
tokyo,深谷,139.28127,36.191344
tokyo,淵野辺,139.395075,35.568784
tokyo,清澄白河,139.798851,35.682105
tokyo,清瀬,139.519917,35.772221
tokyo,渋谷,139.70145854545456,35.65893609090909
tokyo,港南台,139.576243,35.375183
tokyo,湯島,139.769916,35.708243
tokyo,湯河原,139.102142,35.146178
tokyo,溜池山王,139.741419,35.673621
tokyo,溝の口,139.610487,35.59984
tokyo,滝野川一丁目,139.735376,35.747374
tokyo,潮見,139.817341,35.658702
tokyo,熊川,139.33584,35.728321
tokyo,熊谷,139.38953500000002,36.13947
tokyo,熊野前,139.7694495,35.749092000000005
tokyo,片倉,139.34119,35.639704
tokyo,片岡,,
tokyo,牛久,140.141039,35.975314
tokyo,牛浜,139.333677,35.734547
tokyo,牛田,139.811816,35.744555
tokyo,牛込柳町,139.725027,35.699518
tokyo,牛込神楽坂,139.735802,35.700851
tokyo,狛江,139.577127,35.632001
tokyo,狭山ヶ丘,139.416975,35.810445
tokyo,狭山市,139.413015,35.856936
tokyo,狭間,139.293808,35.640637
tokyo,獨協大学前,,
tokyo,玉川上水,139.4181505,35.7319905
tokyo,玉川学園前,139.463388,35.563486
tokyo,玉淀,139.200052,36.117071
tokyo,王子,139.737854,35.753252
tokyo,王子神谷,139.735933,35.765172
tokyo,王子駅前,,
tokyo,瑞江,139.89761,35.693318
tokyo,生田,139.542024,35.614954
tokyo,生麦,139.6673,35.4956
tokyo,用土,139.200758,36.153858
tokyo,用賀,139.633928,35.626436
tokyo,田原町,139.790897,35.709897
tokyo,田園調布,139.667356,35.596815
tokyo,田奈,139.504855,35.536204
tokyo,田浦,139.637726,35.29271
tokyo,田無,139.539259,35.727307
tokyo,田町,139.747575,35.645736
tokyo,田端,139.761229,35.737781
tokyo,甲州街道,139.409191,35.678262
tokyo,男衾,139.234442,36.107415
tokyo,町屋,139.781,35.7425435
tokyo,町屋二丁目,139.776625,35.743837
tokyo,町屋駅前,,
tokyo,町田,139.4454075,35.543113
tokyo,登戸,139.5697385,35.6210195
tokyo,白丸,139.114861,35.811735
tokyo,白井,140.0541,35.784723
tokyo,白山,139.752136,35.721408
tokyo,白岡,139.666826,36.01774
tokyo,白楽,139.627875,35.489555
tokyo,白糸台,139.509862,35.666517
tokyo,白金台,139.726133,35.637917
tokyo,白金高輪,139.734104,35.642903
tokyo,百合ヶ丘,139.516121,35.60903
tokyo,百草園,139.431285,35.657362
tokyo,目白,139.706228,35.720476
tokyo,目黒,139.71556875,35.63343475
tokyo,相原,139.33169,35.60694
tokyo,相模原,139.371007,35.58113
tokyo,相模大野,139.437836,35.532208
tokyo,相模湖,139.1885,35.617335
tokyo,県,,
tokyo,県立大学,139.677033,35.269731
tokyo,真鶴,139.132148,35.156837
tokyo,矢切,139.899742,35.757503
tokyo,矢口渡,139.700389,35.562462
tokyo,矢向,139.68055,35.539408
tokyo,矢川,139.431611,35.685079
tokyo,矢板,,
tokyo,矢部,139.386373,35.573275
tokyo,矢野口,139.520849,35.641305
tokyo,石岡,140.279709,36.191554
tokyo,石川台,139.685063,35.596888
tokyo,石川町,139.642934,35.438808
tokyo,石橋,,
tokyo,石神井公園,139.606981,35.743563
tokyo,石神前,139.225096,35.79683
tokyo,砂川七番,139.418097,35.723319
tokyo,研究学園,140.082256,36.0821
tokyo,磯原,,
tokyo,磯子,139.617916,35.399881
tokyo,祐天寺,139.690758,35.637163
tokyo,祖師ヶ谷大蔵,139.609659,35.643236
tokyo,神保原,139.149172,36.25359
tokyo,神保町,139.75777733333334,35.695808
tokyo,神奈川,139.627364,35.471304
tokyo,神奈川新町,139.640152,35.481559
tokyo,神楽坂,139.734546,35.70379
tokyo,神泉,139.693579,35.657244
tokyo,神田,139.77070550000002,35.6917765
tokyo,神立,140.248615,36.120424
tokyo,神谷町,139.745069,35.662978
tokyo,福居,,
tokyo,福生,139.327763,35.742456
tokyo,秋山,139.930723,35.765299
tokyo,秋川,139.286715,35.727998
tokyo,秋津,139.496539,35.778614
tokyo,秋葉原,139.7739192,35.6985816
tokyo,程久保,139.410698,35.655093
tokyo,稲城,139.500398,35.636166
tokyo,稲城長沼,139.502811,35.644184
tokyo,稲毛,140.09256,35.637264
tokyo,稲毛海岸,140.074034,35.629501
tokyo,稲田堤,139.535173,35.633701
tokyo,稲荷山公園,139.39842,35.845112
tokyo,稲荷町,139.782593,35.711273
tokyo,穴守稲荷,139.746669,35.550326
tokyo,空港第２ビル,,
tokyo,立会川,139.738886,35.598489
tokyo,立川,139.413704,35.698202
tokyo,立川北,139.41254,35.699502
tokyo,立川南,139.412546,35.696077
tokyo,立飛,139.417387,35.714717
tokyo,競艇場前,139.499721,35.656232
tokyo,竹ノ塚,139.790788,35.794368
tokyo,竹橋,139.756817,35.690662
tokyo,竹沢,139.229952,36.075466
tokyo,竹芝,139.762037,35.654099
tokyo,笹塚,139.667251,35.673758
tokyo,等々力,139.647938,35.608369
tokyo,箱根ケ崎,139.346805,35.771158
tokyo,築地,139.772603,35.668115
tokyo,築地市場,139.766915,35.664895
tokyo,篠崎,139.903698,35.706017
tokyo,籠原,139.330199,36.17448
tokyo,糀谷,139.72962,35.5545
tokyo,細谷,,
tokyo,経堂,139.635993,35.650991
tokyo,綱島,139.63491,35.536906
tokyo,綾瀬,139.825019,35.762222
tokyo,緑が丘,139.679482,35.60638
tokyo,練馬,139.6544685,35.737770749999996
tokyo,練馬春日町,139.640236,35.751452
tokyo,練馬高野台,139.616749,35.740622
tokyo,群馬藤岡,139.08338,36.250336
tokyo,羽村,139.316188,35.758073
tokyo,羽沢横浜国大,139.586389,35.481389
tokyo,羽生,139.533949,36.170345
tokyo,羽田空港第１ターミナル,,
tokyo,羽田空港第１・第２ターミナル,,
tokyo,羽田空港第２ターミナル,,
tokyo,羽田空港第３ターミナル,,
tokyo,羽鳥,140.28679,36.247661
tokyo,聖蹟桜ヶ丘,139.446979,35.650814
tokyo,能見台,139.629233,35.360528
tokyo,自治医大,,
tokyo,自由が丘,139.668664,35.607224
tokyo,舎人,139.770108,35.8057
tokyo,舎人公園,139.770183,35.79623
tokyo,舞浜,139.883714,35.636115
tokyo,航空公園,139.465641,35.798272
tokyo,船堀,139.864258,35.683795
tokyo,船橋,139.98459133333333,35.70194333333333
tokyo,船橋法典,139.966771,35.730435
tokyo,船橋競馬場,139.997998,35.689606
tokyo,芝公園,139.749824,35.654074
tokyo,芝浦ふ頭,139.757852,35.641773
tokyo,芦花公園,139.608247,35.670479
tokyo,花小金井,139.513228,35.726129
tokyo,花崎,139.633522,36.109891
tokyo,花月総持寺,139.672813,35.500358
tokyo,若松河田,139.718184,35.699218
tokyo,若林,139.659911,35.645933
tokyo,若葉,139.408782,35.948919
tokyo,若葉台,139.472189,35.619325
tokyo,茂林寺前,139.527058,36.226331
tokyo,茅ケ崎,139.407197,35.330741
tokyo,茅場町,139.780005,35.679752
tokyo,茗荷谷,139.737184,35.716989
tokyo,草加,139.803397,35.828476
tokyo,荏原中延,139.712196,35.610056
tokyo,荏原町,139.707571,35.60382
tokyo,荒川一中前,139.788988,35.733659
tokyo,荒川七丁目,139.78417,35.741975
tokyo,荒川二丁目,139.784696,35.738623
tokyo,荒川区役所前,139.786456,35.73493
tokyo,荒川沖,140.16592,36.030552
tokyo,荒川車庫前,139.752617,35.750909
tokyo,荒川遊園地前,139.757767,35.750744
tokyo,荻窪,139.62011133333334,35.70445
tokyo,菅野,139.919413,35.728272
tokyo,菊名,139.6307585,35.509801499999995
tokyo,菊川,139.806016,35.688379
tokyo,萩山,139.476903,35.740759
tokyo,落合,139.687284,35.710976
tokyo,落合南長崎,139.683303,35.723608
tokyo,葛西,139.872458,35.663554
tokyo,葛西臨海公園,139.861529,35.644392
tokyo,蒲生,139.791686,35.866851
tokyo,蒲田,139.7150946666667,35.562017000000004
tokyo,蒲須坂,,
tokyo,蓮根,139.678993,35.784335
tokyo,蓮沼,139.708544,35.564173
tokyo,蓮田,139.653016,35.981272
tokyo,蔵前,139.790931,35.703236
tokyo,藤が丘,139.527655,35.543454
tokyo,藤代,140.118251,35.920565
tokyo,藤沢,139.48718566666665,35.338222333333334
tokyo,藤野,139.15239,35.615918
tokyo,蘇我,140.130767,35.582065
tokyo,虎ノ門,139.749832,35.670236
tokyo,虎ノ門ヒルズ,139.747778,35.667444
tokyo,行徳,139.914254,35.682686
tokyo,行田,139.432103,36.113879
tokyo,衣笠,139.661193,35.257091
tokyo,表参道,139.712314,35.665247
tokyo,西ケ原,139.742322,35.746008
tokyo,西ヶ原四丁目,139.732779,35.744501
tokyo,西八王子,139.31264,35.656621
tokyo,西千葉,140.103337,35.622639
tokyo,西台,139.673971,35.78699
tokyo,西国分寺,139.465994,35.699744
tokyo,西国立,139.423887,35.69375
tokyo,西大井,139.721729,35.601616
tokyo,西大島,139.826206,35.689349
tokyo,西太子堂,139.666382,35.644545
tokyo,西小山,139.698694,35.615455
tokyo,西巣鴨,139.728712,35.743508
tokyo,西府,139.457477,35.670912
tokyo,西所沢,139.455959,35.789303
tokyo,西新井,139.790372,35.777323
tokyo,西新井大師西,139.770094,35.781505
tokyo,西新宿,139.692778,35.694298
tokyo,西新宿五丁目,139.684304,35.689798
tokyo,西日暮里,139.7667705,35.73202975
tokyo,西早稲田,139.709101,35.708242
tokyo,西武園,139.448904,35.767684
tokyo,西武園ゆうえんち,139.440166,35.769042
tokyo,西武新宿,139.7,35.696254
tokyo,西武柳沢,139.552477,35.728621
tokyo,西武球場前,139.41966,35.77093
tokyo,西武立川,139.370124,35.7262
tokyo,西永福,139.634936,35.678918
tokyo,西浦和,139.627707,35.844139
tokyo,西白井,140.031545,35.784364
tokyo,西立川,139.393556,35.703526
tokyo,西船橋,139.9593104,35.7072206
tokyo,西荻窪,139.599361,35.703842
tokyo,西葛西,139.859259,35.664631
tokyo,西調布,139.529822,35.657169
tokyo,西馬込,139.705942,35.586859
tokyo,西高島平,139.64594,35.791833
tokyo,要町,139.698715,35.73323
tokyo,見沼代親水公園,139.770719,35.814544
tokyo,読売ランド前,139.527903,35.614723
tokyo,調布,139.543988,35.652181
tokyo,護国寺,139.72754,35.719044
tokyo,谷保,139.446724,35.681377
tokyo,谷在家,139.770043,35.788774
tokyo,谷塚,139.801483,35.814926
tokyo,谷津,140.007658,35.685257
tokyo,豊島園,139.6485445,35.7420605
tokyo,豊洲,139.795812,35.65435
tokyo,豊田,139.381495,35.659502
tokyo,豪徳寺,139.647381,35.653807
tokyo,赤土小学校前,139.768989,35.742454
tokyo,赤坂,139.738348,35.67323
tokyo,赤坂見附,139.737047,35.677021
tokyo,赤塚,,
tokyo,赤羽,139.720928,35.778026
tokyo,赤羽岩淵,139.722103,35.783417
tokyo,赤羽橋,139.743642,35.655007
tokyo,越中島,139.792713,35.667946
tokyo,越生,139.299437,35.962559
tokyo,越谷,139.786213,35.887529
tokyo,越谷レイクタウン,139.822178,35.876353
tokyo,足利市,,
tokyo,足立小台,139.770381,35.754658
tokyo,軍畑,139.207431,35.807382
tokyo,辰巳,139.81052,35.645576
tokyo,辻堂,139.447106,35.336847
tokyo,追浜,139.624905,35.315461
tokyo,逗子,139.578292,35.297392
tokyo,逸見,139.653149,35.28048
tokyo,那須塩原,,
tokyo,都庁前,139.69257,35.690551
tokyo,都立大学,139.676393,35.617835
tokyo,都立家政,139.644839,35.722313
tokyo,都電雑司ヶ谷,139.718006,35.724261
tokyo,野州山辺,,
tokyo,野方,139.652733,35.719658
tokyo,野木,139.734729,36.229963
tokyo,金子,139.328546,35.810822
tokyo,金沢八景,139.62083099999998,35.331243666666666
tokyo,金沢文庫,139.621606,35.342966
tokyo,金町,139.870482,35.769582
tokyo,鉢形,139.208649,36.11378
tokyo,銀座,139.763965,35.671989
tokyo,銀座一丁目,139.767045,35.67435
tokyo,錦糸町,139.81440433333333,35.697060666666665
tokyo,鎌倉,139.5502745,35.318642
tokyo,鐘ヶ淵,139.820344,35.733712
tokyo,長原,139.697881,35.60219
tokyo,長沼,139.365849,35.642788
tokyo,長津田,139.49392533333332,35.531872666666665
tokyo,門前仲町,139.796209,35.671851
tokyo,間々田,139.761039,36.257907
tokyo,関内,139.6364195,35.444578500000006
tokyo,阿佐ケ谷,139.635868,35.704818
tokyo,雀宮,,
tokyo,雑司が谷,139.714795,35.720233
tokyo,雑色,139.715005,35.549725
tokyo,雪が谷大塚,139.681083,35.592038
tokyo,霞ケ関,139.750899,35.673838
tokyo,霞ヶ関,139.442897,35.925635
tokyo,青井,139.82038,35.771782
tokyo,青山一丁目,139.72409266666668,35.67281966666667
tokyo,青梅,139.258096,35.790512
tokyo,青梅街道,139.476628,35.73098
tokyo,青海,139.781132,35.62467
tokyo,青物横丁,139.742958,35.609351
tokyo,青砥,139.856292,35.745883
tokyo,青葉台,139.517376,35.542855
tokyo,面影橋,139.714444,35.712981
tokyo,韮川,,
tokyo,飛田給,139.523666,35.660121
tokyo,飛鳥山,139.737382,35.750248
tokyo,飯田橋,139.7446932,35.702071000000004
tokyo,飯能,139.318824,35.851189
tokyo,館林,139.527811,36.246606
tokyo,馬喰横山,139.782768,35.69212
tokyo,馬喰町,139.78238,35.693365
tokyo,馬堀海岸,139.707328,35.259651
tokyo,馬橋,139.9171735,35.811815499999994
tokyo,馬込,139.711772,35.596435
tokyo,駒場東大前,139.684308,35.65868
tokyo,駒沢大学,139.661702,35.633471
tokyo,駒込,139.74724750000001,35.736892
tokyo,高井戸,139.615115,35.683253
tokyo,高円寺,139.649664,35.705326
tokyo,高坂,139.397747,36.002572
tokyo,高尾,139.28210375,35.64193075
tokyo,高尾山口,139.269856,35.632377
tokyo,高島平,139.661216,35.789056
tokyo,高崎,,
tokyo,高崎問屋町,,
tokyo,高幡不動,139.41369666666665,35.66206733333333
tokyo,高松,139.413242,35.710158
tokyo,高津,139.616934,35.603248
tokyo,高浜,140.294745,36.163882
tokyo,高田馬場,139.70405833333334,35.71289733333333
tokyo,高萩,,
tokyo,高輪ゲートウェイ,139.7407,35.6355
tokyo,高輪台,139.730305,35.631679
tokyo,高野,139.770679,35.768359
tokyo,高麗,139.304414,35.881982
tokyo,高麗川,139.33809,35.896328
tokyo,鬼子母神前,139.715,35.720333
tokyo,鬼越,139.937932,35.719776
tokyo,鮫洲,139.742227,35.604977
tokyo,鳩ノ巣,139.128932,35.815127
tokyo,鳩ヶ谷,139.735967,35.830859
tokyo,鴨宮,139.180147,35.275744
tokyo,鴨居,139.56707,35.510955
tokyo,鴻巣,139.509552,36.0592
tokyo,鵜の木,139.680554,35.575452
tokyo,鶯谷,139.778015,35.721484
tokyo,鶴ヶ島,139.423825,35.936771
tokyo,鶴川,139.481759,35.583077
tokyo,鶴瀬,139.539347,35.845776
tokyo,鶴見,139.67614,35.508387
tokyo,鶴見市場,139.68642,35.517594
tokyo,鷲宮,139.656945,36.09626
tokyo,鷹の台,139.461155,35.723097
tokyo,鷺ノ宮,139.63892,35.722605
tokyo,鷺沼,139.573268,35.579762
tokyo,鹿島田,139.674964,35.551459
tokyo,麹町,139.737613,35.684006
tokyo,麻布十番,139.7365835,35.6555925
tokyo,黄金町,139.62246,35.439694
tokyo,黒川,139.470731,35.613203
tokyo,龍ケ崎市,140.138217,35.930066
